team1_score,team2_score,winner
10,34,LA
33,10,NE
42,36,NE
27,41,LA
16,21,LA
28,37,LA
20,18,NE
10,31,LA
27,6,NE
14,13,NE
48,16,NE
23,7,NE
24,20,NE
10,17,LA
23,20,NE
47,13,NE
27,20,NE
24,17,NE
28,10,NE
20,28,LA
31,14,NE
31,10,NE
34,13,NE
20,21,LA
17,25,LA
21,17,NE
30,28,NE
27,22,NE
16,0,NE
24,16,NE
31,14,NE
37,38,LA
29,7,NE
39,23,NE
27,13,NE
45,14,NE
40,6,NE
17,19,LA
13,10,NE
45,30,NE
45,10,NE
42,10,NE
34,19,NE
31,13,NE
20,14,NE
14,17,LA
13,24,LA
27,17,NE
13,7,NE
31,20,NE
17,31,LA
10,13,LA
31,27,NE
50,20,NE
17,14,NE
27,17,NE
24,6,NE
10,13,LA
30,14,NE
24,22,NE
30,58,LA
27,10,NE
31,27,NE
26,21,NE
27,26,NE
10,16,LA
34,10,NE
37,23,NE
24,22,NE
29,13,NE
27,20,NE
10,21,LA
6,19,LA
20,10,NE
30,28,NE
31,21,NE
20,18,NE
21,10,NE
31,14,NE
17,10,NE
16,30,LA
20,27,LA
21,7,NE
3,20,LA
42,31,NE
26,27,LA
41,20,NE
30,10,NE
27,20,NE
17,10,NE
38,21,NE
46,20,NE
30,6,NE
27,2,NE
21,17,NE
9,40,LA
27,33,LA
28,6,NE
40,38,NE
27,20,NE
16,27,LA
30,24,NE
31,13,NE
34,13,NE
44,7,NE
24,27,LA
31,48,LA
30,26,NE
52,23,NE
10,28,LA
21,39,LA
36,7,NE
28,24,NE
68,21,NE
27,6,NE
27,28,LA
13,19,LA
43,19,NE
28,19,NE
27,20,NE
34,44,LA
30,24,NE
6,3,NE
6,3,NE
31,38,LA
33,26,NE
31,7,NE
28,3,NE
17,38,LA
34,10,NE
17,10,NE
17,20,LA
20,16,NE
27,10,NE
30,14,NE
20,10,NE
24,10,NE
24,3,NE
21,13,NE
24,10,NE
20,26,LA
52,7,NE
21,29,LA
17,9,NE
21,16,NE
20,10,NE
10,3,NE
38,24,NE
27,17,NE
27,10,NE
24,12,NE
33,24,NE
34,24,NE
37,31,NE
34,27,NE
34,20,NE
10,13,LA
14,13,NE
30,32,LA
41,24,NE
45,38,NE
17,37,LA
27,10,NE
27,10,NE
44,20,NE
21,32,LA
27,10,NE
29,13,NE
34,10,NE
30,69,LA
31,35,LA
34,20,NE
43,21,NE
20,23,LA
14,6,NE
3,22,LA
24,23,NE
23,17,NE
20,17,NE
20,14,NE
20,10,NE
41,17,NE
17,26,LA
29,10,NE
16,27,LA
41,10,NE
52,23,NE
28,43,LA
27,17,NE
17,21,LA
21,17,NE
24,26,LA
27,31,LA
22,10,NE
28,17,NE
30,16,NE
24,21,NE
24,26,LA
31,7,NE
38,6,NE
34,13,NE
23,6,NE
27,7,NE
33,24,NE
9,30,LA
28,13,NE
44,9,NE
20,16,NE
40,7,NE
20,16,NE
27,7,NE
20,27,LA
26,16,NE
28,24,NE
55,37,NE
17,26,LA
35,31,NE
42,14,NE
30,29,NE
38,17,NE
27,26,NE
21,17,NE
41,17,NE
27,10,NE
47,10,NE
30,28,NE
7,10,LA
31,13,NE
9,27,LA
48,27,NE
31,30,NE
24,17,NE
16,22,LA
23,30,LA
32,16,NE
31,3,NE
28,30,LA
7,27,LA
31,17,NE
31,14,NE
27,13,NE
16,10,NE
30,41,LA
20,7,NE
36,10,NE
21,48,LA
23,21,NE
35,3,NE
42,10,NE
19,16,NE
13,17,LA
38,17,NE
13,9,NE
30,27,NE
23,0,NE
21,13,NE
7,17,LA
49,27,NE
7,23,LA
34,6,NE
23,16,NE
34,24,NE
19,20,LA
13,21,LA
26,24,NE
38,17,NE
24,13,NE
24,34,LA
35,24,NE
28,20,NE
33,7,NE
26,23,NE
13,26,LA
23,0,NE
31,14,NE
27,31,LA
9,20,LA
27,6,NE
17,21,LA
17,24,LA
13,21,LA
35,16,NE
20,17,NE
31,20,NE
21,13,NE
23,28,LA
20,13,NE
24,27,LA
27,23,NE
23,31,LA
24,6,NE
29,16,NE
21,17,NE
17,27,LA
33,24,NE
21,34,LA
31,13,NE
9,13,LA
31,20,NE
27,20,NE
27,7,NE
16,30,LA
6,26,LA
34,27,NE
23,10,NE
35,3,NE
27,16,NE
6,27,LA
42,22,NE
38,14,NE
20,28,LA
13,17,LA
31,9,NE
23,10,NE
19,21,LA
13,10,NE
24,27,LA
19,14,NE
27,16,NE
42,34,NE
27,16,NE
38,20,NE
61,20,NE
31,34,LA
10,15,LA
31,20,NE
16,17,LA
9,13,LA
24,21,NE
27,17,NE
20,31,LA
28,30,LA
21,3,NE
31,7,NE
13,31,LA
22,19,NE
14,21,LA
41,20,NE
20,13,NE
14,3,NE
27,12,NE
34,21,NE
23,9,NE
44,39,NE
33,17,NE
24,27,LA
19,15,NE
14,13,NE
31,0,NE
31,30,NE
34,14,NE
60,7,NE
19,6,NE
23,17,NE
34,14,NE
19,28,LA
28,12,NE
37,16,NE
41,31,NE
49,22,NE
13,6,NE
27,24,NE
28,20,NE
24,26,LA
26,2,NE
30,20,NE
48,37,NE
34,13,NE
27,0,NE
49,26,NE
13,27,LA
26,9,NE
45,10,NE
47,10,NE
23,10,NE
24,20,NE
30,28,NE
35,13,NE
21,22,LA
18,20,LA
17,19,LA
13,31,LA
9,7,NE
28,26,NE
13,26,LA
35,36,LA
27,7,NE
33,23,NE
16,7,NE
30,10,NE
43,34,NE
31,32,LA
20,16,NE
27,20,NE
30,23,NE
58,28,NE
52,24,NE
13,23,LA
70,17,NE
41,14,NE
10,21,LA
10,41,LA
14,16,LA
3,24,LA
41,3,NE
21,9,NE
14,24,LA
14,38,LA
31,39,LA
10,34,LA
14,48,LA
23,24,LA
30,19,NE
23,19,NE
23,17,NE
16,34,LA
7,20,LA
23,17,NE
38,17,NE
17,15,NE
20,42,LA
34,21,NE
21,13,NE
26,28,LA
30,24,NE
30,13,NE
28,7,NE
28,6,NE
41,14,NE
37,26,NE
38,23,NE
35,24,NE
17,13,NE
3,20,LA
21,26,LA
31,20,NE
18,10,NE
14,21,LA
28,13,NE
19,26,LA
24,28,LA
21,32,LA
38,35,NE
17,24,LA
17,20,LA
17,23,LA
31,24,NE
16,13,NE
23,13,NE
35,31,NE
24,9,NE
37,17,NE
13,23,LA
22,27,LA
40,13,NE
23,13,NE
31,22,NE
42,13,NE
35,12,NE
27,3,NE
34,24,NE
14,17,LA
32,20,NE
16,14,NE
31,22,NE
21,10,NE
41,21,NE
16,6,NE
44,24,NE
32,24,NE
24,30,LA
38,33,NE
20,19,NE
30,10,NE
24,9,NE
17,10,NE
19,21,LA
31,9,NE
23,10,NE
24,9,NE
41,7,NE
23,14,NE
6,31,LA
31,34,LA
17,13,NE
31,23,NE
21,27,LA
24,23,NE
23,16,NE
21,26,LA
20,16,NE
21,23,LA
24,10,NE
24,17,NE
27,3,NE
34,20,NE
27,37,LA
15,17,LA
31,24,NE
26,35,LA
14,16,LA
37,20,NE
13,27,LA
20,10,NE
23,27,LA
24,18,NE
27,16,NE
38,27,NE
35,31,NE
17,20,LA
18,17,NE
14,0,NE
19,13,NE
10,17,LA
24,23,NE
24,17,NE
10,20,LA
17,7,NE
33,7,NE
6,10,LA
26,17,NE
24,20,NE
20,21,LA
38,30,NE
31,16,NE
55,10,NE
7,10,LA
30,14,NE
14,7,NE
44,7,NE
14,13,NE
24,10,NE
26,13,NE
17,0,NE
30,23,NE
24,17,NE
17,31,LA
31,14,NE
21,30,LA
31,27,NE
45,29,NE
10,26,LA
10,27,LA
22,21,NE
0,23,LA
23,14,NE
34,9,NE
27,7,NE
14,7,NE
21,7,NE
36,13,NE
19,51,LA
44,38,NE
23,27,LA
20,3,NE
19,13,NE
20,16,NE
21,28,LA
32,33,LA
41,23,NE
28,16,NE
23,6,NE
44,36,NE
23,31,LA
17,10,NE
38,26,NE
38,14,NE
26,12,NE
14,23,LA
31,24,NE
10,20,LA
23,24,LA
42,23,NE
14,24,LA
42,35,NE
13,27,LA
21,14,NE
27,39,LA
3,20,LA
55,10,NE
27,14,NE
16,26,LA
10,31,LA
31,6,NE
21,7,NE
35,17,NE
13,16,LA
35,10,NE
10,31,LA
29,6,NE
14,17,LA
48,21,NE
9,10,LA
37,20,NE
21,16,NE
35,13,NE
31,24,NE
62,10,NE
21,24,LA
38,34,NE
27,14,NE
12,14,LA
21,7,NE
37,17,NE
29,37,LA
20,13,NE
30,28,NE
18,14,NE
28,14,NE
27,24,NE
16,31,LA
28,27,NE
14,10,NE
20,14,NE
27,10,NE
31,16,NE
10,20,LA
24,12,NE
17,31,LA
23,13,NE
38,6,NE
44,31,NE
28,14,NE
13,7,NE
30,17,NE
40,10,NE
24,9,NE
20,30,LA
20,41,LA
51,13,NE
13,6,NE
14,10,NE
29,7,NE
14,19,LA
41,6,NE
38,21,NE
28,10,NE
10,24,LA
17,24,LA
37,9,NE
30,24,NE
17,10,NE
14,33,LA
24,17,NE
22,14,NE
30,6,NE
51,31,NE
59,3,NE
34,21,NE
15,3,NE
34,27,NE
23,16,NE
38,28,NE
45,10,NE
30,14,NE
28,27,NE
38,31,NE
44,7,NE
28,23,NE
34,20,NE
28,12,NE
44,13,NE
38,19,NE
19,21,LA
24,21,NE
28,13,NE
38,20,NE
17,31,LA
20,35,LA
20,7,NE
41,30,NE
24,21,NE
48,14,NE
27,10,NE
13,14,LA
17,19,LA
21,12,NE
31,10,NE
33,10,NE
10,13,LA
31,24,NE
13,27,LA
24,23,NE
34,14,NE
24,30,LA
27,7,NE
30,22,NE
13,7,NE
23,16,NE
27,10,NE
27,24,NE
13,19,LA
10,14,LA
27,41,LA
38,10,NE
24,10,NE
37,19,NE
13,26,LA
24,31,LA
28,13,NE
17,13,NE
36,40,LA
10,20,LA
34,15,NE
16,38,LA
13,7,NE
28,13,NE
34,17,NE
28,30,LA
33,7,NE
20,28,LA
33,16,NE
17,3,NE
31,27,NE
32,31,NE
10,28,LA
0,25,LA
28,27,NE
34,17,NE
23,30,LA
28,10,NE
35,25,NE
30,29,NE
34,10,NE
31,34,LA
35,32,NE
28,48,LA
17,34,LA
31,20,NE
10,7,NE
31,20,NE
23,6,NE
28,10,NE
10,21,LA
44,24,NE
38,13,NE
21,17,NE
38,12,NE
24,23,NE
13,6,NE
19,9,NE
17,16,NE
34,37,LA
24,17,NE
30,18,NE
48,9,NE
41,34,NE
27,24,NE
26,17,NE
31,10,NE
34,32,NE
28,13,NE
23,21,NE
34,17,NE
13,16,LA
24,17,NE
24,37,LA
20,47,LA
9,25,LA
34,24,NE
24,28,LA
34,24,NE
28,14,NE
17,6,NE
44,21,NE
31,16,NE
56,22,NE
34,16,NE
20,17,NE
24,35,LA
45,3,NE
3,17,LA
28,45,LA
20,10,NE
17,28,LA
31,17,NE
51,26,NE
24,26,LA
24,31,LA
38,20,NE
37,28,NE
49,23,NE
17,3,NE
31,27,NE
44,31,NE
30,20,NE
34,9,NE
18,21,LA
27,25,NE
31,20,NE
10,30,LA
34,20,NE
17,23,LA
51,17,NE
6,0,NE
17,28,LA
29,21,NE
27,0,NE
23,31,LA
42,28,NE
34,19,NE
24,0,NE
43,27,NE
27,26,NE
42,24,NE
13,30,LA
22,13,NE
24,10,NE
38,7,NE
6,31,LA
20,14,NE
34,0,NE
31,17,NE
13,35,LA
23,17,NE
6,20,LA
36,20,NE
24,23,NE
37,30,NE
23,27,LA
47,13,NE
30,28,NE
23,42,LA
31,3,NE
42,9,NE
58,17,NE
38,7,NE
14,24,LA
21,35,LA
27,16,NE
27,3,NE
21,10,NE
31,21,NE
25,14,NE
17,5,NE
17,10,NE
7,13,LA
45,13,NE
32,14,NE
38,28,NE
24,13,NE
48,10,NE
28,45,LA
10,21,LA
7,17,LA
34,21,NE
17,13,NE
17,16,NE
13,31,LA
24,7,NE
10,13,LA
45,27,NE
40,39,NE
47,10,NE
6,13,LA
38,12,NE
42,20,NE
28,27,NE
31,23,NE
17,31,LA
34,37,LA
24,35,LA
20,21,LA
33,22,NE
24,7,NE
42,9,NE
22,17,NE
26,38,LA
49,34,NE
20,7,NE
20,6,NE
13,16,LA
24,38,LA
7,20,LA
9,17,LA
31,3,NE
23,31,LA
20,16,NE
20,35,LA
14,10,NE
31,30,NE
17,24,LA
10,22,LA
20,10,NE
10,21,LA
20,26,LA
38,30,NE
28,33,LA
51,19,NE
27,6,NE
23,31,LA
24,20,NE
24,10,NE
41,7,NE
30,13,NE
34,17,NE
7,41,LA
21,13,NE
13,22,LA
21,13,NE
28,30,LA
35,27,NE
30,17,NE
55,20,NE
27,7,NE
28,21,NE
10,7,NE
38,6,NE
38,9,NE
23,13,NE
27,13,NE
20,28,LA
35,24,NE
17,9,NE
26,10,NE
30,28,NE
27,20,NE
41,6,NE
6,28,LA
26,9,NE
31,9,NE
31,16,NE
43,13,NE
24,33,LA
27,16,NE
27,24,NE
34,9,NE
13,27,LA
28,25,NE
27,25,NE
31,17,NE
38,30,NE
30,21,NE
14,0,NE
38,16,NE
24,3,NE
13,21,LA
24,10,NE
40,17,NE
16,20,LA
36,6,NE
13,20,LA
16,10,NE
52,20,NE
14,19,LA
28,38,LA
21,17,NE
38,3,NE
20,17,NE
30,18,NE
57,6,NE
17,20,LA
31,20,NE
46,21,NE
38,21,NE
13,20,LA
21,16,NE
7,39,LA
16,30,LA
27,14,NE
37,23,NE
21,20,NE
16,23,LA
31,13,NE
34,30,NE
42,6,NE
17,12,NE
13,20,LA
38,43,LA
35,41,LA
37,17,NE
10,23,LA
20,24,LA
16,27,LA
27,19,NE
13,0,NE
34,23,NE
23,6,NE
28,14,NE
13,3,NE
18,3,NE
14,19,LA
14,13,NE
17,14,NE
24,34,LA
24,3,NE
30,24,NE
27,17,NE
31,6,NE
27,17,NE
24,30,LA
17,44,LA
31,9,NE
14,30,LA
21,15,NE
38,17,NE
21,30,LA
24,17,NE
35,17,NE
23,24,LA
17,10,NE
25,17,NE
17,29,LA
33,40,LA
31,14,NE
28,17,NE
20,19,NE
61,10,NE
33,7,NE
10,20,LA
24,12,NE
13,44,LA
30,6,NE
31,13,NE
27,14,NE
31,28,NE
31,22,NE
23,13,NE
34,48,LA
35,0,NE
13,23,LA
38,19,NE
37,27,NE
51,25,NE
27,16,NE
30,17,NE
31,14,NE
42,23,NE
34,17,NE
55,35,NE
35,19,NE
17,14,NE
27,28,LA
30,3,NE
30,10,NE
34,6,NE
24,30,LA
22,20,NE
44,17,NE
49,14,NE
24,17,NE
24,13,NE
21,3,NE
34,28,NE
41,7,NE
41,0,NE
17,20,LA
20,14,NE
20,7,NE
20,23,LA
40,14,NE
14,33,LA
38,13,NE
29,14,NE
45,28,NE
50,7,NE
42,6,NE
23,3,NE
33,44,LA
44,12,NE
34,21,NE
38,29,NE
13,27,LA
42,17,NE
23,9,NE
17,14,NE
7,30,LA
31,21,NE
17,45,LA
34,19,NE
24,19,NE
16,34,LA
13,17,LA
13,24,LA
10,17,LA
14,6,NE
16,14,NE
41,28,NE
20,19,NE
27,26,NE
20,7,NE
9,24,LA
28,27,NE
21,27,LA
35,33,NE
12,21,LA
30,7,NE
13,14,LA
37,38,LA
37,31,NE
10,3,NE
17,34,LA
37,30,NE
37,23,NE
26,13,NE
40,24,NE
14,27,LA
35,7,NE
47,31,NE
40,16,NE
10,17,LA
21,27,LA
17,13,NE
31,24,NE
14,23,LA
27,20,NE
23,24,LA
37,21,NE
27,28,LA
41,34,NE
45,33,NE
37,30,NE
24,27,LA
17,6,NE
38,17,NE
31,20,NE
26,21,NE
24,20,NE
37,33,NE
27,23,NE
13,3,NE
40,17,NE
45,14,NE
17,9,NE
10,17,LA
31,12,NE
9,30,LA
24,13,NE
19,17,NE
26,31,LA
40,16,NE
16,9,NE
42,30,NE
38,37,NE
23,41,LA
34,16,NE
55,23,NE
30,10,NE
3,23,LA
10,29,LA
0,19,LA
27,13,NE
34,24,NE
50,16,NE
27,17,NE
23,21,NE
10,3,NE
31,30,NE
19,48,LA
13,7,NE
44,14,NE
30,17,NE
59,13,NE
22,16,NE
6,16,LA
42,17,NE
23,16,NE
24,16,NE
21,13,NE
35,9,NE
31,7,NE
7,20,LA
27,24,NE
23,17,NE
28,3,NE
7,13,LA
14,21,LA
20,16,NE
34,48,LA
31,48,LA
13,28,LA
10,12,LA
28,3,NE
31,20,NE
27,20,NE
45,7,NE
33,34,LA
31,28,NE
13,6,NE
31,3,NE
16,25,LA
7,10,LA
28,20,NE
7,16,LA
24,38,LA
48,20,NE
31,10,NE
37,20,NE
28,17,NE
34,14,NE
17,27,LA
3,20,LA
33,14,NE
3,34,LA
28,19,NE
41,10,NE
7,17,LA
26,31,LA
9,26,LA
31,23,NE
31,10,NE
59,17,NE
23,17,NE
27,34,LA
34,27,NE
24,6,NE
13,34,LA
14,22,LA
31,28,NE
24,16,NE
20,10,NE
24,16,NE
35,21,NE
29,27,NE
38,19,NE
27,7,NE
14,26,LA
17,27,LA
34,16,NE
31,16,NE
30,28,NE
35,21,NE
38,10,NE
24,31,LA
37,3,NE
34,35,LA
30,0,NE
26,21,NE
6,22,LA
23,24,LA
27,28,LA
56,20,NE
21,20,NE
20,10,NE
23,17,NE
17,23,LA
35,12,NE
24,7,NE
22,21,NE
37,9,NE
28,17,NE
38,14,NE
20,29,LA
23,16,NE
35,30,NE
24,18,NE
31,3,NE
24,27,LA
14,27,LA
34,23,NE
7,24,LA
28,17,NE
13,20,LA
40,7,NE
13,50,LA
17,30,LA
25,20,NE
7,26,LA
24,13,NE
16,0,NE
41,30,NE
24,3,NE
27,14,NE
21,27,LA
17,15,NE
38,10,NE
51,24,NE
31,44,LA
24,13,NE
35,13,NE
26,30,LA
41,7,NE
21,0,NE
17,33,LA
27,9,NE
10,28,LA
14,22,LA
31,24,NE
6,20,LA
41,33,NE
24,30,LA
23,9,NE
31,10,NE
34,17,NE
24,23,NE
26,25,NE
21,20,NE
38,28,NE
27,0,NE
21,17,NE
17,6,NE
9,33,LA
34,24,NE
33,13,NE
34,20,NE
17,13,NE
31,37,LA
55,14,NE
41,21,NE
10,35,LA
34,21,NE
26,24,NE
20,6,NE
38,20,NE
33,31,NE
20,27,LA
48,27,NE
24,3,NE
14,19,LA
31,27,NE
34,24,NE
59,30,NE
34,20,NE
38,16,NE
13,0,NE
21,20,NE
34,0,NE
44,24,NE
35,16,NE
31,23,NE
33,3,NE
30,17,NE
24,27,LA
28,10,NE
44,17,NE
41,27,NE
20,31,LA
41,17,NE
47,31,NE
41,13,NE
17,3,NE
41,19,NE
27,14,NE
43,17,NE
31,6,NE
31,6,NE
24,17,NE
15,46,LA
31,20,NE
24,23,NE
10,13,LA
17,20,LA
30,17,NE
17,27,LA
19,9,NE
34,27,NE
31,13,NE
16,19,LA
35,3,NE
38,19,NE
26,20,NE
24,13,NE
41,24,NE
34,17,NE
10,7,NE
34,3,NE
23,36,LA
41,6,NE
35,17,NE
17,34,LA
38,31,NE
27,3,NE
35,28,NE
14,31,LA
26,10,NE
34,21,NE
33,10,NE
10,7,NE
34,19,NE
38,21,NE
20,18,NE
37,27,NE
10,20,LA
30,7,NE
41,26,NE
17,19,LA
23,17,NE
13,26,LA
21,14,NE
13,17,LA
27,0,NE
21,16,NE
24,31,LA
27,10,NE
24,30,LA
38,24,NE
17,25,LA
24,6,NE
17,7,NE
23,14,NE
24,34,LA
35,17,NE
10,17,LA
16,40,LA
24,16,NE
42,7,NE
24,10,NE
37,7,NE
17,31,LA
30,0,NE
12,16,LA
20,30,LA
27,19,NE
27,17,NE
28,14,NE
34,35,LA
13,14,LA
24,26,LA
34,26,NE
34,6,NE
33,9,NE
17,24,LA
41,7,NE
3,13,LA
33,10,NE
13,36,LA
31,28,NE
34,12,NE
53,18,NE
34,31,NE
41,13,NE
14,28,LA
20,24,LA
24,10,NE
17,28,LA
34,22,NE
10,26,LA
34,21,NE
7,41,LA
42,9,NE
34,20,NE
23,24,LA
24,14,NE
17,14,NE
6,10,LA
41,30,NE
13,35,LA
20,7,NE
27,38,LA
33,30,NE
23,36,LA
9,20,LA
21,40,LA
22,26,LA
58,0,NE
17,23,LA
17,20,LA
27,21,NE
20,14,NE
34,23,NE
42,32,NE
23,12,NE
20,17,NE
40,17,NE
7,10,LA
16,38,LA
31,20,NE
27,34,LA
26,24,NE
14,3,NE
21,16,NE
38,12,NE
38,28,NE
21,13,NE
24,7,NE
41,0,NE
31,27,NE
48,10,NE
14,17,LA
17,16,NE
7,24,LA
43,7,NE
57,10,NE
24,31,LA
22,15,NE
17,10,NE
26,24,NE
7,10,LA
23,22,NE
27,17,NE
38,13,NE
37,31,NE
31,20,NE
45,14,NE
21,10,NE
30,17,NE
24,28,LA
27,20,NE
36,24,NE
34,10,NE
33,6,NE
29,30,LA
34,12,NE
33,21,NE
9,17,LA
41,12,NE
30,23,NE
45,24,NE
28,16,NE
7,26,LA
33,41,LA
6,31,LA
30,26,NE
10,7,NE
24,27,LA
30,24,NE
19,10,NE
17,20,LA
27,28,LA
24,38,LA
31,13,NE
33,13,NE
42,24,NE
27,34,LA
36,17,NE
19,20,LA
24,14,NE
21,14,NE
24,14,NE
38,37,NE
28,3,NE
38,21,NE
13,10,NE
31,18,NE
31,20,NE
13,9,NE
21,14,NE
31,12,NE
49,20,NE
23,26,LA
48,19,NE
31,10,NE
21,25,LA
38,24,NE
27,13,NE
10,20,LA
23,24,LA
24,34,LA
41,3,NE
24,13,NE
35,10,NE
24,0,NE
24,20,NE
20,0,NE
10,16,LA
33,22,NE
10,23,LA
31,13,NE
10,13,LA
24,28,LA
30,10,NE
31,10,NE
41,33,NE
31,20,NE
14,3,NE
48,17,NE
30,0,NE
16,35,LA
12,3,NE
44,10,NE
20,17,NE
34,31,NE
21,3,NE
24,0,NE
34,20,NE
24,6,NE
30,17,NE
13,35,LA
33,23,NE
20,19,NE
20,16,NE
14,31,LA
37,34,NE
34,6,NE
27,3,NE
31,21,NE
58,15,NE
23,16,NE
17,21,LA
31,10,NE
29,17,NE
38,34,NE
24,29,LA
14,10,NE
31,25,NE
24,10,NE
42,27,NE
21,14,NE
16,20,LA
45,21,NE
31,7,NE
20,14,NE
27,14,NE
21,13,NE
45,13,NE
31,35,LA
27,10,NE
21,28,LA
20,26,LA
37,24,NE
23,27,LA
6,35,LA
34,17,NE
38,18,NE
24,13,NE
35,13,NE
20,24,LA
30,20,NE
31,24,NE
31,24,NE
27,22,NE
6,19,LA
27,28,LA
16,6,NE
34,21,NE
28,20,NE
42,35,NE
17,13,NE
35,17,NE
23,31,LA
24,21,NE
20,31,LA
10,3,NE
31,24,NE
26,37,LA
24,21,NE
30,13,NE
21,14,NE
23,33,LA
30,34,LA
17,14,NE
27,20,NE
23,14,NE
10,21,LA
20,30,LA
31,27,NE
35,16,NE
13,25,LA
17,24,LA
16,30,LA
44,20,NE
24,21,NE
24,20,NE
21,23,LA
21,26,LA
38,20,NE
19,10,NE
27,19,NE
54,20,NE
24,27,LA
47,26,NE
17,16,NE
28,26,NE
23,13,NE
55,13,NE
20,14,NE
28,9,NE
30,39,LA
17,14,NE
31,23,NE
16,13,NE
37,16,NE
10,26,LA
45,13,NE
3,6,LA
34,31,NE
21,7,NE
35,7,NE
27,20,NE
24,7,NE
17,20,LA
44,20,NE
24,12,NE
33,23,NE
13,10,NE
37,13,NE
38,10,NE
6,38,LA
17,27,LA
17,9,NE
24,20,NE
34,29,NE
23,24,LA
40,35,NE
31,20,NE
23,6,NE
13,17,LA
16,34,LA
30,17,NE
24,10,NE
24,27,LA
36,9,NE
52,21,NE
38,13,NE
13,24,LA
31,23,NE
24,41,LA
31,20,NE
34,40,LA
43,25,NE
21,16,NE
3,20,LA
7,28,LA
17,12,NE
17,24,LA
28,20,NE
27,21,NE
35,24,NE
14,16,LA
28,19,NE
21,31,LA
7,28,LA
33,16,NE
42,37,NE
28,13,NE
37,20,NE
30,20,NE
33,13,NE
27,18,NE
21,14,NE
24,25,LA
19,27,LA
41,24,NE
24,31,LA
13,22,LA
27,23,NE
23,14,NE
28,30,LA
33,14,NE
41,17,NE
10,17,LA
35,20,NE
20,9,NE
23,16,NE
38,26,NE
30,52,LA
33,7,NE
35,8,NE
13,19,LA
20,14,NE
10,31,LA
23,14,NE
34,6,NE
30,12,NE
28,13,NE
24,20,NE
34,28,NE
34,20,NE
6,20,LA
17,41,LA
34,20,NE
14,23,LA
17,32,LA
31,35,LA
31,20,NE
34,27,NE
38,17,NE
34,10,NE
16,7,NE
34,44,LA
17,24,LA
34,21,NE
18,3,NE
38,13,NE
49,30,NE
26,3,NE
30,37,LA
34,27,NE
53,38,NE
27,16,NE
31,9,NE
27,37,LA
27,14,NE
26,28,LA
23,10,NE
17,7,NE
3,13,LA
56,20,NE
17,20,LA
35,17,NE
7,3,NE
27,20,NE
20,14,NE
30,14,NE
21,13,NE
27,34,LA
41,0,NE
24,10,NE
28,13,NE
38,31,NE
17,20,LA
21,20,NE
55,7,NE
40,7,NE
23,17,NE
34,14,NE
17,29,LA
14,7,NE
6,10,LA
14,20,LA
27,28,LA
24,18,NE
31,17,NE
14,20,LA
17,7,NE
27,14,NE
17,3,NE
17,31,LA
17,6,NE
21,23,LA
34,17,NE
38,31,NE
34,7,NE
34,13,NE
17,21,LA
28,21,NE
10,13,LA
30,17,NE
6,13,LA
28,10,NE
33,30,NE
23,20,NE
36,10,NE
16,20,LA
27,16,NE
23,17,NE
20,14,NE
38,10,NE
21,16,NE
22,33,LA
7,10,LA
33,3,NE
35,13,NE
30,6,NE
23,14,NE
27,38,LA
31,13,NE
44,30,NE
17,28,LA
30,14,NE
27,20,NE
10,13,LA
28,27,NE
15,34,LA
14,7,NE
9,20,LA
17,31,LA
30,31,LA
46,24,NE
24,28,LA
31,21,NE
40,26,NE
20,10,NE
23,14,NE
27,22,NE
27,20,NE
20,31,LA
20,22,LA
31,6,NE
40,20,NE
17,37,LA
28,17,NE
23,20,NE
17,7,NE
16,27,LA
24,6,NE
20,16,NE
28,10,NE
14,24,LA
16,41,LA
30,14,NE
37,31,NE
20,10,NE
30,7,NE
31,20,NE
32,6,NE
16,0,NE
49,27,NE
13,39,LA
17,37,LA
20,10,NE
35,17,NE
21,6,NE
20,19,NE
23,49,LA
31,16,NE
24,13,NE
21,6,NE
38,34,NE
34,16,NE
26,14,NE
41,26,NE
24,10,NE
34,24,NE
56,17,NE
52,15,NE
26,41,LA
21,6,NE
24,6,NE
31,14,NE
28,17,NE
28,27,NE
29,14,NE
23,19,NE
24,26,LA
10,13,LA
30,14,NE
17,16,NE
20,27,LA
20,7,NE
19,23,LA
17,28,LA
21,20,NE
24,13,NE
14,21,LA
21,10,NE
24,27,LA
31,13,NE
59,3,NE
34,3,NE
36,10,NE
48,31,NE
14,20,LA
9,16,LA
27,21,NE
16,14,NE
20,16,NE
48,3,NE
7,20,LA
35,20,NE
27,28,LA
24,21,NE
20,13,NE
17,33,LA
21,51,LA
20,27,LA
45,31,NE
24,17,NE
28,30,LA
16,34,LA
21,27,LA
14,35,LA
24,21,NE
15,14,NE
7,34,LA
40,27,NE
27,28,LA
23,24,LA
20,23,LA
30,17,NE
37,3,NE
31,14,NE
30,14,NE
48,2,NE
34,16,NE
30,21,NE
38,14,NE
38,20,NE
41,27,NE
14,13,NE
34,24,NE
21,34,LA
44,29,NE
41,7,NE
14,28,LA
18,10,NE
24,34,LA
27,6,NE
30,10,NE
23,28,LA
34,23,NE
35,23,NE
20,31,LA
27,33,LA
29,17,NE
38,20,NE
24,13,NE
34,15,NE
10,7,NE
23,3,NE
38,17,NE
40,24,NE
31,27,NE
30,17,NE
37,34,NE
27,33,LA
38,28,NE
28,34,LA
33,13,NE
24,37,LA
23,13,NE
54,17,NE
22,23,LA
31,27,NE
31,20,NE
13,10,NE
17,29,LA
28,24,NE
21,23,LA
19,16,NE
17,16,NE
33,7,NE
20,6,NE
27,41,LA
34,25,NE
14,33,LA
19,10,NE
28,8,NE
28,3,NE
13,14,LA
35,6,NE
23,10,NE
35,24,NE
9,0,NE
24,27,LA
20,7,NE
21,16,NE
33,0,NE
26,6,NE
21,12,NE
9,26,LA
38,3,NE
42,17,NE
33,16,NE
20,34,LA
17,21,LA
37,33,NE
14,35,LA
51,28,NE
33,7,NE
24,16,NE
27,14,NE
34,14,NE
20,17,NE
37,16,NE
45,27,NE
27,20,NE
38,27,NE
38,17,NE
27,31,LA
31,16,NE
34,26,NE
26,24,NE
24,7,NE
13,19,LA
10,20,LA
45,20,NE
17,35,LA
59,23,NE
30,48,LA
34,23,NE
27,34,LA
17,13,NE
45,38,NE
10,19,LA
40,13,NE
33,9,NE
17,31,LA
23,17,NE
20,7,NE
24,17,NE
19,17,NE
28,3,NE
21,29,LA
27,10,NE
34,13,NE
34,38,LA
28,7,NE
31,19,NE
26,0,NE
24,19,NE
34,40,LA
17,33,LA
24,3,NE
52,23,NE
41,14,NE
19,13,NE
27,16,NE
30,27,NE
31,40,LA
41,24,NE
30,24,NE
23,13,NE
12,35,LA
14,21,LA
30,27,NE
52,24,NE
47,7,NE
27,13,NE
23,0,NE
31,28,NE
21,6,NE
52,27,NE
51,16,NE
35,22,NE
37,24,NE
44,23,NE
24,20,NE
7,17,LA
19,23,LA
23,16,NE
27,30,LA
17,33,LA
24,23,NE
14,27,LA
37,10,NE
38,9,NE
44,13,NE
20,12,NE
26,13,NE
38,24,NE
23,13,NE
30,17,NE
27,20,NE
9,16,LA
34,26,NE
31,16,NE
24,6,NE
27,34,LA
42,16,NE
28,13,NE
26,10,NE
44,3,NE
45,16,NE
24,26,LA
34,10,NE
21,23,LA
31,14,NE
21,7,NE
21,30,LA
28,0,NE
23,13,NE
31,14,NE
21,13,NE
33,14,NE
41,20,NE
32,12,NE
14,9,NE
42,10,NE
23,37,LA
20,10,NE
44,23,NE
17,20,LA
13,3,NE
21,10,NE
14,30,LA
31,10,NE
35,37,LA
41,10,NE
30,27,NE
38,23,NE
24,36,LA
17,31,LA
35,10,NE
17,33,LA
28,32,LA
21,20,NE
20,28,LA
31,10,NE
31,17,NE
12,29,LA
14,16,LA
45,9,NE
21,7,NE
30,20,NE
20,22,LA
41,24,NE
23,7,NE
17,21,LA
20,14,NE
35,17,NE
35,17,NE
52,17,NE
34,23,NE
23,37,LA
27,10,NE
27,14,NE
7,10,LA
28,23,NE
16,24,LA
27,24,NE
7,17,LA
20,16,NE
27,24,NE
20,16,NE
44,17,NE
42,20,NE
35,10,NE
34,17,NE
26,3,NE
21,36,LA
30,23,NE
13,36,LA
40,27,NE
26,6,NE
21,16,NE
31,16,NE
38,24,NE
37,30,NE
17,21,LA
38,24,NE
24,3,NE
34,24,NE
24,27,LA
44,13,NE
37,34,NE
24,2,NE
45,10,NE
23,20,NE
27,10,NE
24,27,LA
7,20,LA
44,24,NE
20,12,NE
21,7,NE
23,20,NE
23,27,LA
14,19,LA
13,14,LA
21,6,NE
54,17,NE
16,13,NE
30,7,NE
23,22,NE
31,22,NE
28,7,NE
34,13,NE
34,7,NE
34,0,NE
52,14,NE
16,0,NE
52,10,NE
30,19,NE
31,12,NE
14,31,LA
28,13,NE
10,3,NE
17,31,LA
38,7,NE
23,17,NE
28,10,NE
35,6,NE
7,14,LA
44,38,NE
43,23,NE
10,26,LA
24,20,NE
34,26,NE
13,17,LA
20,24,LA
14,13,NE
34,21,NE
10,23,LA
23,0,NE
31,3,NE
37,16,NE
17,13,NE
10,19,LA
42,21,NE
34,18,NE
14,10,NE
20,34,LA
14,17,LA
47,7,NE
20,21,LA
13,31,LA
18,17,NE
28,13,NE
49,29,NE
41,16,NE
24,17,NE
30,14,NE
31,7,NE
17,28,LA
29,17,NE
31,20,NE
26,41,LA
31,44,LA
12,31,LA
14,32,LA
6,21,LA
38,21,NE
38,17,NE
23,33,LA
23,15,NE
34,9,NE
7,17,LA
31,20,NE
10,33,LA
34,24,NE
23,14,NE
27,17,NE
24,16,NE
37,17,NE
21,29,LA
23,12,NE
17,16,NE
30,3,NE
24,23,NE
27,9,NE
20,14,NE
14,28,LA
24,21,NE
20,16,NE
41,33,NE
21,19,NE
13,24,LA
27,7,NE
20,16,NE
17,19,LA
31,33,LA
28,14,NE
20,13,NE
21,7,NE
28,26,NE
3,23,LA
34,20,NE
21,24,LA
31,24,NE
12,34,LA
19,21,LA
16,12,NE
14,20,LA
27,23,NE
27,21,NE
21,26,LA
31,21,NE
27,6,NE
7,24,LA
21,24,LA
13,0,NE
40,7,NE
10,16,LA
30,31,LA
13,31,LA
30,20,NE
17,34,LA
23,36,LA
30,13,NE
44,6,NE
24,10,NE
23,10,NE
34,10,NE
10,16,LA
30,3,NE
24,30,LA
31,17,NE
28,23,NE
17,20,LA
18,3,NE
35,36,LA
24,30,LA
37,24,NE
48,25,NE
41,30,NE
23,26,LA
16,26,LA
48,28,NE
24,22,NE
13,30,LA
27,17,NE
30,19,NE
23,34,LA
24,6,NE
7,13,LA
24,17,NE
27,17,NE
14,33,LA
37,10,NE
24,10,NE
27,23,NE
35,29,NE
64,24,NE
0,10,LA
58,18,NE
27,17,NE
27,24,NE
52,3,NE
30,16,NE
27,33,LA
27,17,NE
14,17,LA
24,17,NE
41,3,NE
27,20,NE
15,3,NE
30,16,NE
13,34,LA
38,14,NE
26,27,LA
28,13,NE
30,14,NE
20,17,NE
43,44,LA
31,20,NE
17,21,LA
35,14,NE
14,21,LA
34,13,NE
6,14,LA
19,7,NE
17,7,NE
33,14,NE
29,30,LA
24,13,NE
22,13,NE
19,14,NE
37,27,NE
20,35,LA
24,30,LA
38,31,NE
10,27,LA
6,10,LA
55,3,NE
28,20,NE
21,24,LA
27,16,NE
30,10,NE
3,20,LA
20,26,LA
27,13,NE
14,7,NE
31,3,NE
3,6,LA
49,14,NE
45,20,NE
38,31,NE
16,23,LA
20,17,NE
16,27,LA
23,28,LA
34,35,LA
17,24,LA
33,26,NE
35,20,NE
52,17,NE
10,15,LA
31,17,NE
14,34,LA
13,28,LA
31,30,NE
17,27,LA
16,17,LA
16,14,NE
38,17,NE
31,23,NE
24,27,LA
21,28,LA
28,17,NE
43,24,NE
38,14,NE
24,20,NE
20,10,NE
28,24,NE
20,44,LA
16,21,LA
33,14,NE
23,13,NE
37,30,NE
21,9,NE
61,27,NE
34,13,NE
38,9,NE
18,7,NE
24,17,NE
26,16,NE
13,30,LA
17,41,LA
17,9,NE
16,27,LA
31,28,NE
42,23,NE
21,20,NE
10,3,NE
31,13,NE
27,28,LA
48,30,NE
38,24,NE
31,26,NE
20,31,LA
56,23,NE
31,30,NE
35,21,NE
34,24,NE
13,23,LA
16,17,LA
14,22,LA
36,34,NE
20,15,NE
25,28,LA
27,30,LA
34,19,NE
13,23,LA
28,20,NE
22,3,NE
33,14,NE
13,20,LA
24,19,NE
20,18,NE
40,21,NE
30,20,NE
35,14,NE
21,17,NE
29,23,NE
19,10,NE
31,14,NE
28,23,NE
28,23,NE
17,21,LA
35,6,NE
21,42,LA
28,17,NE
20,3,NE
31,16,NE
31,7,NE
21,13,NE
44,16,NE
38,23,NE
14,16,LA
20,16,NE
14,17,LA
21,13,NE
27,3,NE
31,15,NE
20,18,NE
31,10,NE
30,7,NE
45,24,NE
33,10,NE
31,16,NE
29,20,NE
24,10,NE
37,3,NE
42,24,NE
16,0,NE
41,14,NE
30,3,NE
20,17,NE
33,3,NE
48,10,NE
28,7,NE
27,33,LA
27,13,NE
27,17,NE
10,28,LA
37,22,NE
24,10,NE
28,16,NE
24,10,NE
40,20,NE
26,30,LA
26,41,LA
31,10,NE
28,30,LA
23,3,NE
16,22,LA
37,27,NE
27,0,NE
20,27,LA
24,17,NE
31,16,NE
30,20,NE
31,7,NE
20,14,NE
21,26,LA
28,7,NE
31,6,NE
23,24,LA
31,24,NE
23,10,NE
20,13,NE
23,21,NE
16,10,NE
14,22,LA
12,24,LA
28,10,NE
20,13,NE
44,3,NE
31,28,NE
17,9,NE
20,17,NE
51,17,NE
14,6,NE
21,17,NE
16,17,LA
9,27,LA
30,21,NE
24,14,NE
37,17,NE
49,16,NE
30,20,NE
26,14,NE
10,20,LA
16,20,LA
50,7,NE
30,23,NE
24,3,NE
14,0,NE
28,24,NE
44,10,NE
27,34,LA
27,28,LA
27,29,LA
37,14,NE
17,7,NE
14,13,NE
26,27,LA
35,13,NE
13,28,LA
22,17,NE
13,10,NE
40,7,NE
17,21,LA
37,40,LA
7,13,LA
27,24,NE
27,3,NE
17,0,NE
21,30,LA
24,19,NE
37,10,NE
37,10,NE
20,30,LA
38,24,NE
30,34,LA
6,10,LA
34,17,NE
26,28,LA
43,13,NE
20,16,NE
17,24,LA
26,17,NE
47,17,NE
41,13,NE
41,14,NE
23,17,NE
37,27,NE
12,6,NE
20,14,NE
23,46,LA
20,6,NE
20,7,NE
17,13,NE
30,31,LA
38,13,NE
28,18,NE
31,7,NE
27,12,NE
30,20,NE
34,14,NE
17,33,LA
27,30,LA
23,25,LA
38,14,NE
37,7,NE
17,21,LA
30,31,LA
16,10,NE
35,14,NE
31,24,NE
24,10,NE
9,30,LA
28,27,NE
29,31,LA
35,14,NE
37,14,NE
20,7,NE
42,7,NE
27,0,NE
27,28,LA
26,21,NE
21,7,NE
35,27,NE
12,23,LA
17,41,LA
20,27,LA
20,16,NE
33,10,NE
24,17,NE
29,6,NE
17,21,LA
20,31,LA
37,19,NE
27,26,NE
31,14,NE
31,29,NE
24,23,NE
33,7,NE
31,20,NE
22,27,LA
28,17,NE
38,27,NE
35,12,NE
23,20,NE
33,24,NE
14,10,NE
24,17,NE
20,23,LA
16,14,NE
21,13,NE
23,10,NE
34,23,NE
21,27,LA
17,10,NE
28,40,LA
27,17,NE
28,32,LA
44,7,NE
31,13,NE
51,14,NE
41,17,NE
33,13,NE
27,20,NE
10,30,LA
23,13,NE
27,15,NE
20,35,LA
14,20,LA
45,17,NE
23,17,NE
48,9,NE
12,24,LA
20,21,LA
16,14,NE
23,33,LA
45,22,NE
17,13,NE
7,13,LA
41,17,NE
10,27,LA
17,5,NE
34,13,NE
45,23,NE
29,6,NE
41,31,NE
52,21,NE
21,6,NE
37,7,NE
35,19,NE
33,29,NE
24,14,NE
19,13,NE
28,23,NE
30,24,NE
27,26,NE
7,27,LA
26,9,NE
21,6,NE
31,20,NE
35,27,NE
16,10,NE
24,45,LA
27,22,NE
37,14,NE
27,19,NE
31,23,NE
22,10,NE
21,19,NE
24,34,LA
35,6,NE
27,31,LA
26,10,NE
38,42,LA
48,27,NE
34,19,NE
27,14,NE
27,34,LA
19,32,LA
31,13,NE
23,21,NE
21,14,NE
27,17,NE
31,32,LA
35,38,LA
35,10,NE
28,17,NE
34,14,NE
20,10,NE
14,28,LA
22,44,LA
30,26,NE
38,13,NE
40,10,NE
17,7,NE
39,24,NE
23,6,NE
45,35,NE
33,31,NE
41,0,NE
16,6,NE
34,19,NE
32,20,NE
24,20,NE
45,20,NE
16,31,LA
44,17,NE
34,23,NE
27,20,NE
34,20,NE
38,17,NE
16,27,LA
20,10,NE
27,30,LA
16,17,LA
17,30,LA
23,7,NE
47,17,NE
31,13,NE
34,10,NE
41,10,NE
28,31,LA
31,38,LA
41,19,NE
38,23,NE
38,28,NE
28,10,NE
17,24,LA
24,6,NE
27,20,NE
19,29,LA
21,28,LA
16,14,NE
31,19,NE
24,38,LA
19,24,LA
37,35,NE
14,20,LA
13,0,NE
28,31,LA
16,10,NE
27,7,NE
34,28,NE
20,17,NE
17,16,NE
31,10,NE
23,24,LA
48,20,NE
39,16,NE
41,19,NE
13,17,LA
27,30,LA
35,13,NE
15,24,LA
38,41,LA
19,6,NE
17,27,LA
16,28,LA
54,7,NE
21,23,LA
27,14,NE
10,20,LA
31,9,NE
24,20,NE
22,24,LA
28,0,NE
27,26,NE
24,13,NE
24,20,NE
34,10,NE
26,17,NE
27,10,NE
24,27,LA
41,48,LA
17,29,LA
23,17,NE
17,20,LA
9,16,LA
13,24,LA
30,24,NE
21,10,NE
35,14,NE
21,28,LA
24,17,NE
27,20,NE
40,20,NE
27,38,LA
20,17,NE
31,10,NE
23,10,NE
27,16,NE
24,17,NE
27,10,NE
31,34,LA
44,21,NE
38,19,NE
27,29,LA
55,27,NE
33,35,LA
20,26,LA
14,17,LA
13,30,LA
26,13,NE
10,27,LA
20,3,NE
24,13,NE
17,10,NE
37,14,NE
21,13,NE
24,30,LA
30,7,NE
27,12,NE
31,37,LA
7,21,LA
7,9,LA
44,15,NE
21,17,NE
51,27,NE
33,6,NE
23,20,NE
44,7,NE
17,20,LA
13,23,LA
61,0,NE
34,41,LA
23,10,NE
33,14,NE
14,23,LA
16,24,LA
7,13,LA
30,28,NE
30,21,NE
34,9,NE
27,17,NE
24,10,NE
44,13,NE
35,20,NE
41,13,NE
41,17,NE
27,24,NE
16,10,NE
27,30,LA
26,34,LA
10,37,LA
37,30,NE
17,24,LA
20,6,NE
45,16,NE
7,10,LA
21,0,NE
46,10,NE
29,6,NE
20,27,LA
24,17,NE
17,28,LA
31,10,NE
24,27,LA
27,10,NE
24,17,NE
45,13,NE
10,30,LA
20,13,NE
13,27,LA
61,14,NE
27,10,NE
31,15,NE
44,35,NE
35,10,NE
30,20,NE
55,7,NE
27,38,LA
28,30,LA
13,31,LA
24,23,NE
16,2,NE
20,10,NE
14,13,NE
37,34,NE
24,23,NE
24,13,NE
10,13,LA
28,23,NE
37,7,NE
35,34,NE
17,14,NE
36,24,NE
46,22,NE
6,30,LA
24,23,NE
44,26,NE
27,17,NE
47,14,NE
21,17,NE
14,20,LA
48,22,NE
20,22,LA
21,3,NE
34,13,NE
33,6,NE
13,24,LA
31,9,NE
17,31,LA
23,24,LA
27,12,NE
21,17,NE
7,6,NE
35,14,NE
16,20,LA
40,23,NE
20,10,NE
17,20,LA
20,33,LA
19,35,LA
17,10,NE
7,17,LA
17,23,LA
23,10,NE
34,26,NE
33,47,LA
21,10,NE
17,37,LA
16,9,NE
37,23,NE
34,20,NE
13,14,LA
20,30,LA
13,10,NE
31,40,LA
33,13,NE
31,14,NE
24,31,LA
38,6,NE
33,20,NE
27,10,NE
13,3,NE
20,10,NE
28,13,NE
27,19,NE
55,30,NE
34,0,NE
38,30,NE
30,21,NE
28,31,LA
23,9,NE
14,24,LA
28,30,LA
31,40,LA
30,26,NE
19,10,NE
30,16,NE
21,24,LA
13,31,LA
31,25,NE
27,26,NE
35,10,NE
10,21,LA
45,23,NE
31,13,NE
21,34,LA
17,10,NE
45,15,NE
23,17,NE
27,23,NE
38,31,NE
23,10,NE
16,12,NE
26,17,NE
0,24,LA
30,16,NE
23,17,NE
23,17,NE
28,13,NE
20,17,NE
23,37,LA
41,31,NE
21,34,LA
14,33,LA
16,49,LA
13,20,LA
34,50,LA
45,0,NE
34,24,NE
17,10,NE
17,13,NE
26,23,NE
16,31,LA
19,0,NE
20,19,NE
7,23,LA
44,24,NE
30,10,NE
27,31,LA
23,10,NE
33,30,NE
20,24,LA
27,17,NE
26,5,NE
41,13,NE
24,20,NE
28,7,NE
20,33,LA
13,28,LA
24,20,NE
27,10,NE
27,37,LA
35,3,NE
28,21,NE
23,6,NE
24,19,NE
38,24,NE
21,15,NE
47,13,NE
14,20,LA
33,27,NE
55,0,NE
24,13,NE
17,13,NE
20,30,LA
13,17,LA
34,9,NE
45,44,NE
49,27,NE
49,48,NE
20,34,LA
13,14,LA
38,20,NE
20,29,LA
33,17,NE
24,14,NE
31,0,NE
31,14,NE
24,10,NE
29,9,NE
27,28,LA
27,14,NE
31,13,NE
27,7,NE
26,13,NE
20,30,LA
31,30,NE
34,3,NE
30,24,NE
31,13,NE
28,23,NE
14,13,NE
44,7,NE
24,27,LA
24,41,LA
29,24,NE
21,16,NE
9,17,LA
17,12,NE
19,6,NE
44,13,NE
54,31,NE
24,9,NE
17,6,NE
20,9,NE
30,16,NE
37,17,NE
20,26,LA
21,34,LA
20,16,NE
7,14,LA
42,17,NE
31,12,NE
23,17,NE
28,16,NE
23,13,NE
14,44,LA
21,9,NE
41,20,NE
23,30,LA
21,20,NE
27,24,NE
35,31,NE
19,20,LA
33,16,NE
17,7,NE
30,9,NE
24,10,NE
34,21,NE
27,34,LA
58,7,NE
23,6,NE
20,6,NE
19,10,NE
7,13,LA
16,21,LA
34,18,NE
41,10,NE
17,21,LA
21,23,LA
40,34,NE
23,10,NE
28,20,NE
28,31,LA
10,27,LA
16,13,NE
23,44,LA
38,14,NE
28,14,NE
10,14,LA
37,22,NE
38,27,NE
24,20,NE
35,17,NE
31,17,NE
27,34,LA
38,14,NE
40,17,NE
12,23,LA
30,16,NE
26,12,NE
40,7,NE
6,16,LA
26,28,LA
17,14,NE
34,14,NE
37,10,NE
10,28,LA
48,10,NE
27,17,NE
38,36,NE
37,3,NE
13,24,LA
20,16,NE
10,3,NE
31,17,NE
16,0,NE
24,37,LA
6,22,LA
32,7,NE
34,27,NE
24,13,NE
45,16,NE
36,16,NE
26,14,NE
49,23,NE
28,30,LA
13,6,NE
41,19,NE
17,30,LA
50,12,NE
20,13,NE
30,23,NE
34,14,NE
35,17,NE
30,26,NE
38,27,NE
45,32,NE
21,27,LA
28,10,NE
37,7,NE
42,13,NE
38,31,NE
26,40,LA
21,0,NE
31,28,NE
33,7,NE
34,17,NE
42,38,NE
20,16,NE
19,11,NE
13,31,LA
38,21,NE
44,37,NE
17,35,LA
14,10,NE
37,3,NE
27,23,NE
19,7,NE
21,31,LA
28,41,LA
30,34,LA
27,19,NE
20,13,NE
16,30,LA
31,15,NE
13,35,LA
35,22,NE
20,24,LA
27,14,NE
23,20,NE
34,14,NE
41,21,NE
41,14,NE
30,0,NE
27,16,NE
41,9,NE
33,13,NE
42,21,NE
14,27,LA
45,31,NE
38,19,NE
19,26,LA
34,35,LA
34,7,NE
16,24,LA
23,28,LA
31,23,NE
29,31,LA
41,10,NE
34,27,NE
31,13,NE
17,47,LA
26,21,NE
41,7,NE
21,20,NE
20,34,LA
29,17,NE
31,24,NE
10,28,LA
17,22,LA
17,13,NE
14,17,LA
23,19,NE
35,40,LA
45,14,NE
20,19,NE
24,41,LA
28,31,LA
30,16,NE
14,23,LA
37,27,NE
14,23,LA
27,14,NE
33,37,LA
49,31,NE
30,20,NE
42,17,NE
30,31,LA
20,19,NE
14,24,LA
23,16,NE
33,27,NE
21,40,LA
40,13,NE
34,20,NE
20,21,LA
21,18,NE
19,20,LA
24,30,LA
37,7,NE
47,7,NE
31,14,NE
27,14,NE
35,24,NE
30,27,NE
27,20,NE
38,0,NE
24,28,LA
32,14,NE
35,17,NE
45,30,NE
33,3,NE
37,24,NE
23,17,NE
9,25,LA
26,7,NE
16,38,LA
16,3,NE
20,21,LA
24,7,NE
13,3,NE
24,21,NE
38,13,NE
37,33,NE
35,24,NE
38,17,NE
23,24,LA
24,33,LA
42,36,NE
10,14,LA
17,24,LA
48,19,NE
9,27,LA
24,17,NE
24,31,LA
35,3,NE
34,20,NE
10,33,LA
28,14,NE
27,35,LA
41,34,NE
24,10,NE
17,14,NE
21,37,LA
23,7,NE
35,6,NE
6,34,LA
17,26,LA
24,17,NE
20,24,LA
31,12,NE
26,28,LA
34,31,NE
9,17,LA
33,12,NE
24,20,NE
31,6,NE
31,24,NE
28,29,LA
27,3,NE
17,7,NE
35,14,NE
34,10,NE
23,17,NE
30,3,NE
42,13,NE
17,10,NE
16,27,LA
24,28,LA
20,0,NE
35,26,NE
52,23,NE
34,23,NE
55,6,NE
10,13,LA
31,20,NE
24,27,LA
21,17,NE
27,44,LA
24,21,NE
27,14,NE
30,21,NE
20,27,LA
43,35,NE
24,3,NE
34,26,NE
42,20,NE
42,23,NE
17,20,LA
44,3,NE
23,6,NE
20,13,NE
20,21,LA
34,6,NE
26,24,NE
45,23,NE
59,28,NE
14,10,NE
33,14,NE
23,19,NE
34,24,NE
19,20,LA
23,34,LA
24,10,NE
24,23,NE
23,0,NE
24,13,NE
28,35,LA
16,21,LA
16,21,LA
38,39,LA
34,20,NE
16,24,LA
30,29,NE
21,24,LA
17,24,LA
16,10,NE
19,17,NE
31,26,NE
42,7,NE
24,17,NE
38,9,NE
10,24,LA
31,12,NE
14,17,LA
31,34,LA
24,21,NE
35,20,NE
25,24,NE
43,20,NE
41,43,LA
24,15,NE
34,7,NE
35,7,NE
23,20,NE
19,10,NE
24,33,LA
20,0,NE
13,26,LA
38,14,NE
34,42,LA
27,10,NE
50,10,NE
46,10,NE
28,17,NE
17,26,LA
38,17,NE
9,10,LA
20,6,NE
48,19,NE
34,26,NE
34,26,NE
27,29,LA
26,16,NE
21,7,NE
23,34,LA
14,38,LA
45,44,NE
35,17,NE
20,7,NE
41,30,NE
55,6,NE
12,17,LA
45,17,NE
34,17,NE
29,31,LA
24,13,NE
27,21,NE
43,13,NE
24,35,LA
30,10,NE
13,10,NE
27,22,NE
17,7,NE
21,13,NE
20,31,LA
28,27,NE
27,14,NE
24,22,NE
38,11,NE
21,17,NE
24,27,LA
27,10,NE
15,10,NE
17,16,NE
34,14,NE
30,13,NE
23,16,NE
23,24,LA
34,15,NE
19,13,NE
6,20,LA
38,17,NE
27,30,LA
14,6,NE
19,10,NE
24,13,NE
19,21,LA
23,38,LA
27,17,NE
59,15,NE
20,14,NE
31,17,NE
31,20,NE
13,23,LA
55,21,NE
24,34,LA
31,14,NE
17,37,LA
17,10,NE
13,20,LA
37,10,NE
30,23,NE
24,21,NE
24,3,NE
15,27,LA
12,24,LA
17,31,LA
38,3,NE
31,17,NE
35,30,NE
31,6,NE
31,20,NE
26,28,LA
3,14,LA
19,23,LA
17,6,NE
7,17,LA
17,27,LA
38,39,LA
56,20,NE
23,31,LA
21,37,LA
14,21,LA
14,10,NE
10,13,LA
48,27,NE
24,3,NE
23,24,LA
31,14,NE
28,17,NE
23,16,NE
27,16,NE
17,42,LA
17,6,NE
37,13,NE
34,16,NE
6,3,NE
13,24,LA
39,31,NE
17,27,LA
24,31,LA
34,13,NE
30,10,NE
24,6,NE
30,10,NE
35,7,NE
20,3,NE
3,31,LA
37,22,NE
24,31,LA
24,33,LA
10,22,LA
14,25,LA
37,23,NE
16,35,LA
28,10,NE
49,9,NE
17,24,LA
26,14,NE
41,23,NE
14,15,LA
40,23,NE
20,17,NE
31,34,LA
20,22,LA
31,34,LA
34,24,NE
27,20,NE
34,10,NE
33,7,NE
24,10,NE
28,24,NE
41,14,NE
54,12,NE
38,6,NE
45,7,NE
35,30,NE
34,25,NE
13,7,NE
43,13,NE
20,17,NE
13,0,NE
40,24,NE
10,3,NE
27,13,NE
41,20,NE
33,17,NE
40,30,NE
43,14,NE
17,21,LA
55,24,NE
37,33,NE
24,20,NE
21,13,NE
27,20,NE
17,10,NE
27,16,NE
28,16,NE
27,17,NE
28,14,NE
23,45,LA
19,3,NE
34,33,NE
16,17,LA
35,16,NE
19,6,NE
24,16,NE
28,23,NE
7,17,LA
23,34,LA
30,24,NE
14,19,LA
28,27,NE
36,10,NE
20,30,LA
55,17,NE
69,21,NE
10,0,NE
41,24,NE
13,10,NE
55,14,NE
24,23,NE
27,24,NE
24,14,NE
14,23,LA
13,26,LA
27,10,NE
17,30,LA
34,10,NE
3,10,LA
45,16,NE
31,20,NE
34,40,LA
35,6,NE
37,14,NE
38,21,NE
14,17,LA
33,31,NE
38,16,NE
20,9,NE
20,10,NE
14,37,LA
20,41,LA
16,13,NE
33,10,NE
30,21,NE
27,17,NE
20,26,LA
13,7,NE
37,48,LA
45,20,NE
23,13,NE
33,17,NE
9,7,NE
23,7,NE
34,14,NE
16,24,LA
53,26,NE
37,3,NE
31,13,NE
35,12,NE
24,12,NE
38,20,NE
45,17,NE
33,7,NE
38,10,NE
27,13,NE
27,20,NE
28,23,NE
48,31,NE
24,17,NE
10,21,LA
38,17,NE
38,7,NE
14,17,LA
31,24,NE
45,13,NE
28,83,LA
45,28,NE
17,20,LA
16,21,LA
13,46,LA
24,13,NE
28,17,NE
48,17,NE
36,21,NE
28,24,NE
37,20,NE
20,0,NE
28,10,NE
39,17,NE
20,24,LA
20,17,NE
17,14,NE
3,17,LA
27,6,NE
38,24,NE
34,14,NE
2,35,LA
31,24,NE
27,7,NE
20,7,NE
69,28,NE
19,31,LA
28,17,NE
20,38,LA
28,14,NE
14,30,LA
13,3,NE
24,34,LA
13,23,LA
30,14,NE
24,20,NE
14,26,LA
31,3,NE
23,33,LA
23,37,LA
24,23,NE
35,38,LA
38,24,NE
34,17,NE
28,7,NE
27,17,NE
27,6,NE
24,10,NE
27,10,NE
19,3,NE
40,27,NE
24,10,NE
17,16,NE
27,23,NE
10,28,LA
31,25,NE
20,21,LA
17,24,LA
13,3,NE
33,29,NE
31,24,NE
42,20,NE
13,20,LA
9,20,LA
17,3,NE
52,28,NE
40,13,NE
12,27,LA
21,26,LA
21,17,NE
26,24,NE
22,17,NE
0,20,LA
44,10,NE
43,20,NE
13,51,LA
17,23,LA
21,9,NE
17,34,LA
13,17,LA
35,17,NE
23,13,NE
17,30,LA
19,26,LA
20,16,NE
23,7,NE
22,20,NE
20,13,NE
14,17,LA
24,7,NE
23,16,NE
31,10,NE
52,43,NE
33,52,LA
34,17,NE
23,20,NE
9,13,LA
34,5,NE
31,12,NE
14,17,LA
24,22,NE
17,26,LA
27,14,NE
16,31,LA
28,20,NE
27,31,LA
14,17,LA
17,28,LA
66,14,NE
20,13,NE
13,35,LA
19,31,LA
17,24,LA
62,15,NE
5,27,LA
17,13,NE
17,0,NE
44,16,NE
24,14,NE
27,20,NE
31,13,NE
7,41,LA
3,26,LA
28,6,NE
45,13,NE
27,21,NE
17,14,NE
31,19,NE
34,19,NE
21,26,LA
10,7,NE
17,26,LA
48,30,NE
27,20,NE
13,30,LA
3,19,LA
23,7,NE
26,34,LA
34,7,NE
17,41,LA
12,16,LA
21,37,LA
30,10,NE
42,9,NE
16,10,NE
27,20,NE
31,20,NE
28,35,LA
20,34,LA
28,17,NE
35,7,NE
31,24,NE
12,7,NE
36,35,NE
16,24,LA
20,44,LA
35,24,NE
24,28,LA
34,21,NE
24,23,NE
27,6,NE
24,6,NE
16,20,LA
26,13,NE
20,19,NE
21,13,NE
27,19,NE
24,27,LA
44,39,NE
21,14,NE
24,21,NE
31,10,NE
34,30,NE
45,33,NE
26,13,NE
27,7,NE
28,17,NE
30,14,NE
31,21,NE
24,30,LA
14,7,NE
23,27,LA
27,10,NE
20,16,NE
13,29,LA
44,7,NE
20,23,LA
31,9,NE
39,28,NE
16,28,LA
26,32,LA
31,20,NE
20,24,LA
31,13,NE
34,21,NE
41,14,NE
28,43,LA
45,17,NE
20,14,NE
52,10,NE
14,7,NE
13,14,LA
37,17,NE
27,17,NE
27,24,NE
35,17,NE
21,10,NE
0,6,LA
35,27,NE
17,13,NE
31,14,NE
24,20,NE
30,23,NE
27,34,LA
14,10,NE
35,41,LA
12,10,NE
34,19,NE
40,16,NE
33,26,NE
21,32,LA
27,7,NE
10,20,LA
44,24,NE
28,35,LA
3,10,LA
26,24,NE
26,27,LA
30,17,NE
33,14,NE
13,20,LA
13,16,LA
41,37,NE
34,24,NE
30,13,NE
20,14,NE
27,14,NE
19,3,NE
31,13,NE
45,27,NE
13,14,LA
31,16,NE
27,17,NE
37,20,NE
17,26,LA
52,21,NE
21,40,LA
26,33,LA
31,23,NE
34,30,NE
27,20,NE
38,23,NE
7,9,LA
6,19,LA
37,34,NE
36,10,NE
20,13,NE
24,14,NE
15,21,LA
34,41,LA
38,20,NE
21,14,NE
20,23,LA
15,12,NE
17,23,LA
17,23,LA
27,20,NE
34,25,NE
34,28,NE
14,24,LA
27,12,NE
27,19,NE
20,7,NE
17,19,LA
23,7,NE
30,17,NE
24,10,NE
31,24,NE
15,17,LA
41,26,NE
32,6,NE
34,23,NE
27,30,LA
21,24,LA
3,17,LA
31,42,LA
27,6,NE
27,17,NE
34,23,NE
30,14,NE
20,0,NE
24,13,NE
24,20,NE
41,14,NE
38,12,NE
34,3,NE
21,17,NE
34,10,NE
37,7,NE
16,19,LA
3,7,LA
17,13,NE
44,24,NE
17,21,LA
14,10,NE
20,21,LA
20,31,LA
30,27,NE
27,30,LA
23,3,NE
37,13,NE
17,29,LA
14,16,LA
27,22,NE
38,17,NE
16,17,LA
20,9,NE
23,26,LA
13,37,LA
33,14,NE
38,3,NE
38,24,NE
24,6,NE
34,23,NE
10,34,LA
17,0,NE
17,20,LA
41,10,NE
28,9,NE
10,38,LA
21,10,NE
21,13,NE
15,21,LA
14,13,NE
38,3,NE
14,15,LA
14,13,NE
34,20,NE
41,6,NE
38,20,NE
24,26,LA
26,20,NE
21,20,NE
23,13,NE
37,31,NE
30,14,NE
17,19,LA
31,34,LA
27,17,NE
48,16,NE
23,26,LA
28,27,NE
24,16,NE
24,14,NE
23,44,LA
30,6,NE
20,13,NE
7,20,LA
33,35,LA
10,20,LA
31,14,NE
31,14,NE
3,7,LA
21,26,LA
24,30,LA
17,24,LA
27,14,NE
7,27,LA
10,3,NE
31,13,NE
31,33,LA
29,37,LA
52,20,NE
28,23,NE
34,24,NE
20,7,NE
16,13,NE
31,16,NE
35,31,NE
13,14,LA
17,23,LA
34,16,NE
10,17,LA
20,32,LA
38,27,NE
22,23,LA
31,20,NE
45,9,NE
42,31,NE
27,13,NE
37,10,NE
17,10,NE
24,40,LA
10,13,LA
40,27,NE
20,28,LA
38,16,NE
48,26,NE
49,34,NE
44,24,NE
27,13,NE
34,10,NE
26,23,NE
30,21,NE
24,19,NE
26,41,LA
33,7,NE
27,28,LA
9,7,NE
42,12,NE
35,34,NE
24,13,NE
24,27,LA
23,24,LA
44,17,NE
30,23,NE
28,9,NE
20,9,NE
20,14,NE
60,9,NE
23,16,NE
28,7,NE
27,24,NE
20,3,NE
31,32,LA
38,25,NE
14,20,LA
10,22,LA
23,26,LA
7,34,LA
28,7,NE
40,17,NE
20,13,NE
27,19,NE
23,27,LA
27,21,NE
30,20,NE
16,23,LA
17,20,LA
30,13,NE
40,30,NE
20,27,LA
37,34,NE
34,23,NE
40,25,NE
24,12,NE
26,30,LA
17,16,NE
26,44,LA
35,20,NE
35,10,NE
17,23,LA
28,13,NE
62,21,NE
24,28,LA
24,27,LA
23,17,NE
20,27,LA
39,26,NE
24,29,LA
16,7,NE
27,3,NE
34,16,NE
41,16,NE
24,31,LA
45,21,NE
43,23,NE
20,17,NE
23,0,NE
38,43,LA
31,33,LA
27,24,NE
17,16,NE
34,17,NE
38,21,NE
19,28,LA
21,3,NE
14,17,LA
41,27,NE
15,14,NE
34,16,NE
12,24,LA
37,20,NE
14,17,LA
37,17,NE
13,44,LA
33,13,NE
26,34,LA
34,19,NE
52,28,NE
36,21,NE
24,31,LA
21,16,NE
17,16,NE
31,23,NE
23,17,NE
27,44,LA
23,19,NE
35,24,NE
27,16,NE
38,17,NE
10,3,NE
19,7,NE
33,31,NE
34,21,NE
31,17,NE
43,13,NE
23,20,NE
40,21,NE
34,27,NE
20,27,LA
24,20,NE
27,17,NE
23,28,LA
19,23,LA
16,29,LA
24,17,NE
26,13,NE
31,14,NE
28,21,NE
30,10,NE
31,17,NE
0,13,LA
37,31,NE
24,20,NE
26,10,NE
17,8,NE
20,24,LA
20,6,NE
47,6,NE
17,5,NE
34,26,NE
7,3,NE
10,21,LA
20,14,NE
37,24,NE
24,43,LA
35,24,NE
6,14,LA
57,13,NE
31,16,NE
49,10,NE
42,21,NE
27,6,NE
21,14,NE
38,45,LA
17,20,LA
27,12,NE
20,22,LA
45,30,NE
58,31,NE
23,28,LA
37,10,NE
27,24,NE
20,25,LA
24,3,NE
24,21,NE
27,14,NE
37,16,NE
34,7,NE
31,7,NE
31,14,NE
42,17,NE
35,13,NE
41,17,NE
35,20,NE
24,10,NE
24,14,NE
31,10,NE
20,0,NE
21,0,NE
47,10,NE
14,17,LA
35,3,NE
20,17,NE
31,3,NE
18,28,LA
31,16,NE
17,52,LA
26,37,LA
20,21,LA
17,10,NE
27,16,NE
37,34,NE
31,14,NE
27,21,NE
24,26,LA
24,23,NE
20,30,LA
27,33,LA
24,19,NE
16,27,LA
23,20,NE
13,7,NE
42,27,NE
31,28,NE
35,27,NE
49,20,NE
34,19,NE
30,37,LA
20,36,LA
48,7,NE
19,33,LA
34,17,NE
52,21,NE
27,31,LA
34,24,NE
33,23,NE
24,31,LA
27,17,NE
59,22,NE
14,13,NE
16,22,LA
28,20,NE
34,35,LA
24,26,LA
17,12,NE
46,30,NE
17,18,LA
33,23,NE
45,41,NE
38,16,NE
38,34,NE
6,3,NE
20,17,NE
16,10,NE
31,6,NE
34,21,NE
37,29,NE
42,26,NE
20,17,NE
13,24,LA
9,3,NE
27,10,NE
40,7,NE
17,14,NE
41,10,NE
10,33,LA
42,17,NE
23,14,NE
34,41,LA
9,47,LA
23,7,NE
24,34,LA
31,10,NE
42,24,NE
31,24,NE
17,10,NE
19,0,NE
38,24,NE
17,38,LA
21,38,LA
7,27,LA
31,17,NE
51,34,NE
14,3,NE
31,21,NE
23,24,LA
28,10,NE
31,10,NE
23,10,NE
35,7,NE
31,20,NE
35,10,NE
49,30,NE
14,33,LA
20,16,NE
13,20,LA
24,13,NE
17,24,LA
31,21,NE
20,40,LA
13,3,NE
30,21,NE
24,27,LA
19,23,LA
19,31,LA
36,30,NE
37,24,NE
17,16,NE
26,17,NE
20,27,LA
23,6,NE
17,7,NE
41,9,NE
40,23,NE
7,23,LA
23,41,LA
17,21,LA
28,20,NE
9,7,NE
21,16,NE
31,37,LA
45,20,NE
13,9,NE
37,48,LA
16,30,LA
17,10,NE
40,16,NE
7,34,LA
14,3,NE
9,10,LA
41,3,NE
27,7,NE
42,26,NE
20,26,LA
27,14,NE
33,13,NE
38,31,NE
16,10,NE
38,24,NE
26,21,NE
28,31,LA
41,7,NE
24,20,NE
20,34,LA
41,10,NE
33,20,NE
21,17,NE
34,17,NE
27,0,NE
20,16,NE
13,10,NE
38,26,NE
20,7,NE
27,13,NE
13,30,LA
17,24,LA
30,10,NE
51,14,NE
46,19,NE
30,17,NE
14,24,LA
20,10,NE
26,34,LA
31,23,NE
24,28,LA
37,41,LA
19,21,LA
28,7,NE
21,27,LA
16,20,LA
34,24,NE
27,20,NE
30,0,NE
17,7,NE
27,23,NE
38,3,NE
21,27,LA
9,20,LA
33,17,NE
17,14,NE
37,9,NE
38,27,NE
10,17,LA
41,0,NE
24,23,NE
44,7,NE
44,13,NE
27,24,NE
31,20,NE
27,31,LA
20,14,NE
33,0,NE
20,13,NE
10,24,LA
31,17,NE
17,19,LA
31,24,NE
24,20,NE
48,19,NE
30,17,NE
26,6,NE
34,16,NE
24,14,NE
21,20,NE
41,18,NE
34,16,NE
52,34,NE
20,16,NE
29,14,NE
14,34,LA
14,7,NE
13,23,LA
7,17,LA
24,30,LA
20,21,LA
42,24,NE
62,17,NE
30,17,NE
16,14,NE
3,6,LA
10,13,LA
27,17,NE
42,10,NE
40,13,NE
30,14,NE
6,25,LA
17,13,NE
3,9,LA
17,18,LA
28,23,NE
14,12,NE
17,20,LA
34,7,NE
34,17,NE
23,20,NE
7,14,LA
24,37,LA
41,21,NE
33,14,NE
17,6,NE
34,30,NE
34,30,NE
34,24,NE
34,27,NE
45,6,NE
33,10,NE
10,28,LA
45,6,NE
21,3,NE
20,14,NE
24,3,NE
0,21,LA
26,24,NE
33,28,NE
27,20,NE
24,16,NE
17,31,LA
38,8,NE
37,33,NE
31,10,NE
14,16,LA
24,19,NE
24,20,NE
16,23,LA
37,14,NE
13,7,NE
37,16,NE
20,42,LA
20,10,NE
31,27,NE
20,30,LA
10,20,LA
23,21,NE
35,7,NE
26,17,NE
24,12,NE
38,13,NE
30,12,NE
27,7,NE
23,10,NE
24,16,NE
34,26,NE
17,20,LA
24,6,NE
35,19,NE
37,3,NE
21,13,NE
3,13,LA
61,15,NE
31,24,NE
33,14,NE
14,42,LA
49,17,NE
28,0,NE
16,15,NE
27,31,LA
0,7,LA
31,20,NE
31,35,LA
38,20,NE
33,24,NE
45,13,NE
9,10,LA
17,23,LA
17,27,LA
30,23,NE
36,21,NE
24,10,NE
35,22,NE
16,9,NE
24,16,NE
30,15,NE
19,34,LA
31,16,NE
31,7,NE
31,13,NE
57,19,NE
20,14,NE
24,42,LA
33,23,NE
3,27,LA
20,16,NE
23,10,NE
38,31,NE
14,30,LA
13,23,LA
34,13,NE
27,28,LA
31,9,NE
31,14,NE
27,12,NE
24,7,NE
21,17,NE
21,17,NE
20,16,NE
26,12,NE
23,37,LA
27,3,NE
21,33,LA
38,23,NE
48,20,NE
30,10,NE
19,30,LA
45,21,NE
37,17,NE
34,33,NE
30,28,NE
37,35,NE
37,27,NE
31,7,NE
21,10,NE
37,10,NE
42,20,NE
30,10,NE
27,37,LA
34,17,NE
6,21,LA
26,9,NE
24,20,NE
28,13,NE
27,20,NE
3,33,LA
48,32,NE
29,27,NE
41,27,NE
19,16,NE
14,7,NE
20,7,NE
30,17,NE
30,10,NE
33,7,NE
28,17,NE
23,28,LA
10,3,NE
35,16,NE
29,20,NE
3,31,LA
28,21,NE
26,25,NE
24,20,NE
59,7,NE
24,10,NE
26,17,NE
24,19,NE
38,26,NE
24,0,NE
17,0,NE
33,17,NE
17,24,LA
41,17,NE
17,14,NE
10,21,LA
21,10,NE
41,7,NE
19,31,LA
17,21,LA
24,20,NE
48,10,NE
35,13,NE
48,10,NE
20,16,NE
28,10,NE
24,37,LA
45,16,NE
13,14,LA
19,7,NE
13,27,LA
27,9,NE
23,13,NE
60,23,NE
29,16,NE
33,24,NE
16,17,LA
27,3,NE
30,10,NE
20,17,NE
17,10,NE
41,27,NE
37,0,NE
56,10,NE
27,16,NE
37,13,NE
13,31,LA
24,17,NE
24,19,NE
38,20,NE
38,10,NE
17,31,LA
35,13,NE
38,16,NE
21,3,NE
24,17,NE
12,6,NE
45,16,NE
19,9,NE
23,17,NE
13,38,LA
34,13,NE
28,26,NE
30,13,NE
13,15,LA
31,3,NE
13,26,LA
17,20,LA
3,10,LA
14,17,LA
21,24,LA
33,27,NE
20,17,NE
6,17,LA
30,7,NE
37,20,NE
13,14,LA
26,24,NE
23,27,LA
16,31,LA
20,24,LA
26,3,NE
24,17,NE
17,22,LA
34,3,NE
55,26,NE
31,12,NE
27,23,NE
31,30,NE
27,20,NE
17,14,NE
24,47,LA
28,9,NE
3,10,LA
10,44,LA
35,24,NE
43,27,NE
34,10,NE
20,13,NE
27,20,NE
30,10,NE
30,33,LA
38,0,NE
34,15,NE
20,23,LA
31,7,NE
27,10,NE
34,7,NE
12,20,LA
13,0,NE
37,20,NE
21,29,LA
27,10,NE
13,33,LA
17,7,NE
31,7,NE
26,27,LA
21,6,NE
14,26,LA
20,0,NE
43,7,NE
17,30,LA
21,20,NE
31,23,NE
0,24,LA
30,3,NE
21,16,NE
40,24,NE
23,27,LA
27,13,NE
49,19,NE
37,27,NE
17,3,NE
13,39,LA
33,27,NE
28,20,NE
16,23,LA
31,27,NE
38,13,NE
35,13,NE
40,24,NE
30,20,NE
17,22,LA
23,26,LA
12,21,LA
42,17,NE
41,21,NE
36,30,NE
17,24,LA
21,9,NE
17,15,NE
20,6,NE
16,23,LA
21,26,LA
38,28,NE
16,34,LA
41,6,NE
24,7,NE
21,27,LA
38,23,NE
24,19,NE
32,19,NE
23,6,NE
17,34,LA
45,23,NE
17,41,LA
14,29,LA
28,21,NE
34,32,NE
14,20,LA
21,20,NE
20,17,NE
24,22,NE
31,24,NE
29,10,NE
23,28,LA
24,13,NE
21,19,NE
28,30,LA
10,17,LA
42,26,NE
24,9,NE
27,3,NE
17,44,LA
27,28,LA
48,24,NE
35,13,NE
33,3,NE
28,18,NE
20,26,LA
45,14,NE
27,17,NE
14,20,LA
21,17,NE
24,21,NE
31,39,LA
3,24,LA
14,20,LA
18,25,LA
14,23,LA
20,30,LA
17,20,LA
27,21,NE
35,31,NE
17,21,LA
28,10,NE
34,28,NE
24,23,NE
23,16,NE
20,13,NE
24,28,LA
34,21,NE
27,30,LA
31,10,NE
20,10,NE
38,7,NE
24,17,NE
14,43,LA
20,30,LA
42,33,NE
35,14,NE
23,10,NE
28,10,NE
9,7,NE
20,34,LA
27,16,NE
37,17,NE
23,27,LA
17,33,LA
34,10,NE
27,20,NE
20,17,NE
20,10,NE
24,17,NE
21,10,NE
30,24,NE
27,16,NE
44,20,NE
40,20,NE
34,19,NE
26,27,LA
27,21,NE
30,10,NE
20,21,LA
49,10,NE
41,30,NE
30,10,NE
27,10,NE
19,41,LA
20,17,NE
14,13,NE
9,26,LA
27,14,NE
13,9,NE
45,28,NE
34,17,NE
7,22,LA
24,42,LA
37,20,NE
30,19,NE
34,23,NE
3,17,LA
42,30,NE
7,15,LA
31,25,NE
31,14,NE
38,21,NE
45,0,NE
23,24,LA
34,10,NE
45,9,NE
21,7,NE
48,23,NE
20,35,LA
9,20,LA
45,12,NE
31,17,NE
17,31,LA
23,13,NE
7,14,LA
35,14,NE
31,9,NE
34,3,NE
35,34,NE
7,14,LA
41,22,NE
20,43,LA
27,13,NE
31,20,NE
24,18,NE
34,33,NE
28,17,NE
46,24,NE
30,7,NE
36,52,LA
28,26,NE
31,26,NE
12,20,LA
16,3,NE
26,6,NE
38,14,NE
13,9,NE
35,13,NE
30,20,NE
10,16,LA
21,14,NE
20,16,NE
29,30,LA
14,23,LA
28,26,NE
19,14,NE
13,22,LA
41,19,NE
27,3,NE
21,14,NE
10,20,LA
31,20,NE
30,17,NE
24,14,NE
37,14,NE
20,24,LA
28,17,NE
34,24,NE
17,23,LA
34,37,LA
34,24,NE
21,10,NE
34,31,NE
28,16,NE
24,32,LA
34,14,NE
36,0,NE
27,7,NE
27,19,NE
27,6,NE
10,14,LA
23,10,NE
42,15,NE
6,27,LA
37,21,NE
13,17,LA
28,27,NE
28,10,NE
0,10,LA
0,20,LA
34,28,NE
31,13,NE
44,7,NE
37,34,NE
0,7,LA
41,6,NE
34,31,NE
36,31,NE
31,38,LA
38,23,NE
16,26,LA
20,23,LA
31,23,NE
24,10,NE
24,7,NE
41,16,NE
23,43,LA
35,10,NE
20,10,NE
20,43,LA
44,14,NE
31,16,NE
17,13,NE
48,7,NE
37,31,NE
31,17,NE
27,7,NE
20,47,LA
10,30,LA
26,20,NE
20,10,NE
70,21,NE
27,17,NE
16,28,LA
66,17,NE
20,36,LA
7,14,LA
44,9,NE
17,9,NE
9,13,LA
19,10,NE
41,24,NE
17,20,LA
19,24,LA
34,26,NE
28,17,NE
44,20,NE
38,17,NE
16,14,NE
23,21,NE
43,10,NE
28,14,NE
24,16,NE
27,16,NE
31,16,NE
27,23,NE
28,14,NE
6,22,LA
54,21,NE
17,0,NE
38,29,NE
27,24,NE
24,3,NE
19,10,NE
31,20,NE
45,19,NE
7,27,LA
35,14,NE
30,3,NE
27,21,NE
14,13,NE
20,34,LA
38,22,NE
33,14,NE
34,22,NE
17,7,NE
45,10,NE
30,31,LA
17,24,LA
37,13,NE
54,13,NE
20,13,NE
30,35,LA
21,20,NE
34,16,NE
30,17,NE
30,7,NE
26,38,LA
24,13,NE
20,13,NE
20,7,NE
27,23,NE
49,31,NE
42,13,NE
22,10,NE
24,17,NE
10,19,LA
27,22,NE
45,26,NE
28,21,NE
14,27,LA
30,13,NE
16,13,NE
10,24,LA
19,9,NE
14,24,LA
34,6,NE
42,12,NE
24,3,NE
26,20,NE
24,20,NE
24,14,NE
30,40,LA
31,21,NE
27,20,NE
24,29,LA
34,6,NE
31,29,NE
24,7,NE
36,28,NE
9,10,LA
37,17,NE
48,24,NE
20,24,LA
27,26,NE
24,16,NE
17,33,LA
24,17,NE
27,48,LA
55,28,NE
23,3,NE
30,23,NE
24,13,NE
41,17,NE
17,6,NE
26,29,LA
69,43,NE
35,0,NE
38,20,NE
26,14,NE
27,17,NE
23,26,LA
34,13,NE
34,20,NE
35,20,NE
19,20,LA
19,17,NE
20,12,NE
17,21,LA
44,30,NE
20,36,LA
28,27,NE
20,3,NE
31,6,NE
7,30,LA
17,27,LA
31,17,NE
23,16,NE
20,9,NE
41,28,NE
33,17,NE
24,16,NE
41,10,NE
21,14,NE
26,10,NE
27,3,NE
30,17,NE
9,24,LA
13,42,LA
37,10,NE
13,24,LA
26,28,LA
28,15,NE
24,16,NE
13,10,NE
16,32,LA
42,27,NE
31,30,NE
39,20,NE
21,5,NE
24,15,NE
13,20,LA
0,29,LA
16,23,LA
49,17,NE
24,17,NE
31,41,LA
33,17,NE
34,13,NE
20,33,LA
13,27,LA
44,23,NE
16,3,NE
17,20,LA
47,23,NE
21,24,LA
19,7,NE
14,21,LA
27,0,NE
31,17,NE
27,47,LA
20,10,NE
34,42,LA
27,21,NE
51,16,NE
30,24,NE
37,19,NE
26,31,LA
27,10,NE
31,27,NE
40,25,NE
20,14,NE
38,20,NE
51,10,NE
13,12,NE
34,14,NE
31,47,LA
45,16,NE
30,17,NE
45,7,NE
20,21,LA
10,13,LA
45,28,NE
19,3,NE
14,10,NE
31,21,NE
26,13,NE
17,31,LA
23,41,LA
10,13,LA
37,33,NE
28,27,NE
30,20,NE
40,34,NE
10,6,NE
31,19,NE
17,16,NE
24,22,NE
35,6,NE
47,43,NE
30,10,NE
10,16,LA
9,34,LA
27,7,NE
27,13,NE
28,6,NE
17,42,LA
13,24,LA
30,27,NE
41,3,NE
21,12,NE
31,7,NE
20,10,NE
48,17,NE
21,31,LA
16,7,NE
27,10,NE
17,27,LA
20,24,LA
27,31,LA
26,17,NE
47,22,NE
17,30,LA
23,17,NE
35,33,NE
9,16,LA
31,10,NE
20,21,LA
7,34,LA
23,14,NE
21,33,LA
27,30,LA
14,27,LA
20,14,NE
21,37,LA
44,17,NE
20,14,NE
19,9,NE
35,3,NE
14,23,LA
20,23,LA
45,30,NE
9,10,LA
40,31,NE
12,20,LA
13,16,LA
35,16,NE
26,27,LA
34,10,NE
26,35,LA
33,13,NE
45,40,NE
27,21,NE
28,23,NE
27,3,NE
14,3,NE
14,23,LA
30,27,NE
40,26,NE
31,12,NE
27,34,LA
44,23,NE
24,3,NE
23,27,LA
17,14,NE
16,22,LA
32,24,NE
26,13,NE
19,37,LA
16,17,LA
34,13,NE
26,13,NE
17,14,NE
31,20,NE
12,20,LA
40,7,NE
38,9,NE
33,21,NE
31,14,NE
34,13,NE
26,10,NE
27,9,NE
38,14,NE
44,27,NE
10,20,LA
17,27,LA
21,17,NE
37,22,NE
13,51,LA
31,20,NE
17,14,NE
37,27,NE
27,14,NE
20,23,LA
21,27,LA
24,26,LA
24,13,NE
33,23,NE
45,10,NE
20,27,LA
17,15,NE
15,24,LA
14,17,LA
14,6,NE
34,12,NE
16,24,LA
45,17,NE
27,21,NE
20,13,NE
21,22,LA
45,34,NE
33,17,NE
10,13,LA
47,26,NE
41,30,NE
38,20,NE
27,10,NE
34,13,NE
37,27,NE
20,28,LA
36,13,NE
29,23,NE
31,10,NE
34,51,LA
17,16,NE
27,21,NE
23,24,LA
17,16,NE
36,27,NE
28,9,NE
34,14,NE
10,17,LA
9,23,LA
35,6,NE
58,17,NE
44,34,NE
14,7,NE
34,0,NE
24,6,NE
14,30,LA
20,7,NE
17,10,NE
17,24,LA
33,14,NE
45,10,NE
17,19,LA
23,17,NE
23,27,LA
24,21,NE
21,14,NE
41,13,NE
30,23,NE
19,24,LA
52,24,NE
23,21,NE
34,29,NE
33,13,NE
28,34,LA
10,9,NE
38,27,NE
30,25,NE
34,23,NE
23,54,LA
31,14,NE
24,20,NE
34,10,NE
35,27,NE
27,20,NE
24,26,LA
52,3,NE
30,33,LA
7,13,LA
20,38,LA
27,14,NE
44,22,NE
6,27,LA
23,20,NE
20,19,NE
31,14,NE
49,31,NE
20,7,NE
26,28,LA
31,23,NE
34,17,NE
31,17,NE
41,6,NE
33,17,NE
38,34,NE
24,3,NE
27,23,NE
28,9,NE
27,6,NE
21,31,LA
30,21,NE
31,23,NE
19,7,NE
10,17,LA
47,17,NE
14,10,NE
14,3,NE
35,0,NE
22,34,LA
9,20,LA
13,17,LA
26,14,NE
28,10,NE
31,34,LA
38,6,NE
28,26,NE
0,41,LA
30,14,NE
10,17,LA
24,15,NE
20,23,LA
37,34,NE
24,13,NE
31,10,NE
41,24,NE
17,26,LA
37,26,NE
24,26,LA
17,21,LA
27,10,NE
27,10,NE
14,20,LA
40,17,NE
48,14,NE
42,20,NE
28,3,NE
24,30,LA
38,12,NE
24,10,NE
44,21,NE
27,13,NE
17,27,LA
35,23,NE
42,10,NE
41,17,NE
14,7,NE
41,29,NE
31,27,NE
31,20,NE
21,10,NE
30,16,NE
21,29,LA
45,7,NE
24,28,LA
34,40,LA
20,26,LA
24,17,NE
13,24,LA
37,24,NE
20,22,LA
0,13,LA
17,7,NE
24,13,NE
23,13,NE
25,28,LA
31,10,NE
31,14,NE
37,23,NE
20,31,LA
20,24,LA
23,21,NE
25,3,NE
30,31,LA
28,20,NE
31,17,NE
14,23,LA
51,14,NE
20,34,LA
26,20,NE
31,20,NE
21,29,LA
20,15,NE
26,7,NE
35,23,NE
36,13,NE
45,24,NE
7,17,LA
23,16,NE
38,27,NE
13,10,NE
17,16,NE
30,27,NE
37,13,NE
10,6,NE
27,14,NE
17,10,NE
7,20,LA
17,10,NE
37,3,NE
24,13,NE
20,7,NE
14,34,LA
27,26,NE
31,16,NE
27,20,NE
10,17,LA
21,13,NE
27,20,NE
42,7,NE
31,14,NE
16,6,NE
35,20,NE
17,27,LA
0,20,LA
20,14,NE
47,12,NE
13,9,NE
23,0,NE
23,41,LA
34,36,LA
16,41,LA
17,10,NE
23,17,NE
28,20,NE
30,7,NE
48,28,NE
17,34,LA
10,19,LA
13,17,LA
24,17,NE
20,23,LA
38,17,NE
19,24,LA
20,30,LA
38,24,NE
38,14,NE
38,34,NE
24,3,NE
30,21,NE
37,34,NE
17,33,LA
6,7,LA
42,6,NE
20,23,LA
23,22,NE
28,10,NE
48,21,NE
41,15,NE
22,0,NE
23,21,NE
36,17,NE
26,14,NE
30,13,NE
23,14,NE
24,28,LA
40,28,NE
30,7,NE
20,28,LA
21,17,NE
24,21,NE
30,3,NE
14,28,LA
24,44,LA
28,17,NE
27,23,NE
35,38,LA
27,14,NE
17,14,NE
27,6,NE
24,27,LA
23,13,NE
14,31,LA
13,30,LA
17,21,LA
16,7,NE
10,17,LA
42,16,NE
10,14,LA
30,24,NE
16,38,LA
37,20,NE
38,34,NE
37,27,NE
28,49,LA
26,29,LA
21,36,LA
27,3,NE
17,6,NE
23,17,NE
41,17,NE
20,14,NE
10,3,NE
37,26,NE
38,20,NE
38,22,NE
35,17,NE
3,10,LA
31,10,NE
41,23,NE
28,29,LA
30,23,NE
16,17,LA
23,7,NE
38,7,NE
23,33,LA
38,27,NE
23,17,NE
28,7,NE
29,27,NE
29,32,LA
31,20,NE
13,7,NE
31,17,NE
48,25,NE
33,12,NE
31,10,NE
20,38,LA
21,33,LA
35,23,NE
35,7,NE
17,20,LA
20,38,LA
42,21,NE
29,10,NE
20,26,LA
27,12,NE
38,3,NE
21,22,LA
21,43,LA
34,24,NE
31,16,NE
10,22,LA
23,13,NE
37,21,NE
20,17,NE
17,28,LA
36,12,NE
16,14,NE
17,14,NE
42,17,NE
28,17,NE
24,17,NE
7,14,LA
17,14,NE
42,19,NE
27,33,LA
21,28,LA
24,7,NE
37,16,NE
40,6,NE
13,16,LA
34,10,NE
31,10,NE
17,14,NE
17,26,LA
20,25,LA
24,39,LA
28,16,NE
38,17,NE
28,9,NE
17,23,LA
17,13,NE
27,24,NE
24,30,LA
52,16,NE
16,10,NE
13,26,LA
24,37,LA
30,27,NE
23,29,LA
24,16,NE
38,17,NE
28,20,NE
31,20,NE
40,20,NE
30,20,NE
13,16,LA
24,17,NE
31,29,NE
24,20,NE
27,3,NE
16,25,LA
24,26,LA
15,0,NE
23,22,NE
28,24,NE
27,24,NE
27,26,NE
30,6,NE
28,26,NE
36,24,NE
32,27,NE
52,16,NE
45,26,NE
21,7,NE
20,10,NE
37,29,NE
28,17,NE
27,37,LA
40,0,NE
10,15,LA
27,14,NE
13,20,LA
34,21,NE
13,10,NE
10,9,NE
31,10,NE
19,17,NE
13,22,LA
9,16,LA
34,15,NE
24,16,NE
23,26,LA
38,14,NE
27,20,NE
33,16,NE
35,17,NE
27,16,NE
16,10,NE
17,20,LA
13,17,LA
38,31,NE
27,0,NE
30,16,NE
30,7,NE
3,21,LA
27,34,LA
35,15,NE
61,14,NE
31,3,NE
20,34,LA
28,6,NE
59,13,NE
23,10,NE
54,16,NE
66,34,NE
27,21,NE
24,40,LA
24,7,NE
26,3,NE
55,23,NE
23,21,NE
26,7,NE
27,41,LA
20,27,LA
31,10,NE
20,31,LA
27,17,NE
27,13,NE
21,24,LA
35,12,NE
37,10,NE
23,3,NE
35,34,NE
21,24,LA
20,14,NE
31,20,NE
30,23,NE
24,32,LA
24,13,NE
16,14,NE
30,40,LA
34,13,NE
31,19,NE
28,16,NE
66,21,NE
9,7,NE
7,16,LA
28,44,LA
14,13,NE
41,17,NE
44,34,NE
13,27,LA
35,23,NE
26,17,NE
19,17,NE
28,36,LA
51,30,NE
42,17,NE
17,31,LA
13,12,NE
37,24,NE
16,14,NE
21,30,LA
51,0,NE
7,17,LA
28,30,LA
23,28,LA
56,0,NE
20,10,NE
7,23,LA
27,19,NE
9,7,NE
33,34,LA
27,31,LA
14,0,NE
35,27,NE
42,34,NE
21,14,NE
30,27,NE
35,14,NE
18,20,LA
20,21,LA
31,17,NE
27,10,NE
17,3,NE
17,13,NE
44,10,NE
41,13,NE
21,26,LA
28,17,NE
0,37,LA
40,31,NE
27,14,NE
13,38,LA
38,35,NE
34,21,NE
24,17,NE
10,14,LA
21,7,NE
34,14,NE
21,27,LA
14,35,LA
24,19,NE
30,14,NE
17,24,LA
30,7,NE
46,21,NE
13,30,LA
17,3,NE
20,9,NE
17,0,NE
21,14,NE
27,19,NE
30,28,NE
28,20,NE
24,16,NE
28,26,NE
37,7,NE
19,20,LA
31,34,LA
13,7,NE
31,32,LA
44,16,NE
23,14,NE
17,14,NE
23,17,NE
16,30,LA
23,20,NE
55,3,NE
21,24,LA
34,27,NE
37,27,NE
39,26,NE
52,23,NE
31,7,NE
42,3,NE
36,0,NE
32,21,NE
17,10,NE
37,20,NE
30,16,NE
10,34,LA
23,14,NE
17,16,NE
43,37,NE
44,20,NE
34,24,NE
10,16,LA
44,10,NE
42,24,NE
16,12,NE
38,17,NE
20,14,NE
29,3,NE
30,18,NE
54,10,NE
3,21,LA
25,17,NE
27,24,NE
27,14,NE
24,7,NE
35,37,LA
24,7,NE
27,33,LA
34,3,NE
31,17,NE
28,31,LA
24,21,NE
45,34,NE
41,27,NE
16,6,NE
23,21,NE
14,9,NE
41,30,NE
20,21,LA
21,16,NE
17,9,NE
24,28,LA
20,37,LA
37,13,NE
34,20,NE
45,31,NE
21,24,LA
34,24,NE
16,3,NE
31,13,NE
20,13,NE
44,13,NE
37,15,NE
52,23,NE
38,10,NE
30,20,NE
30,17,NE
38,15,NE
16,21,LA
27,42,LA
51,27,NE
29,11,NE
41,14,NE
30,21,NE
28,30,LA
50,36,NE
10,27,LA
30,24,NE
31,21,NE
20,9,NE
16,45,LA
13,14,LA
23,13,NE
40,7,NE
55,28,NE
7,16,LA
3,31,LA
48,23,NE
44,30,NE
16,21,LA
30,9,NE
24,19,NE
28,12,NE
21,14,NE
12,10,NE
17,20,LA
21,29,LA
21,45,LA
10,21,LA
34,7,NE
26,17,NE
17,29,LA
19,17,NE
31,10,NE
13,29,LA
15,26,LA
31,20,NE
37,21,NE
20,7,NE
40,10,NE
23,17,NE
14,0,NE
13,12,NE
33,14,NE
27,14,NE
16,13,NE
31,20,NE
45,7,NE
31,13,NE
36,7,NE
27,14,NE
33,20,NE
20,10,NE
20,0,NE
51,18,NE
26,40,LA
23,15,NE
41,7,NE
28,41,LA
47,48,LA
31,23,NE
34,24,NE
31,23,NE
19,14,NE
20,17,NE
20,10,NE
21,14,NE
37,17,NE
33,17,NE
47,6,NE
25,20,NE
28,3,NE
38,33,NE
35,14,NE
28,20,NE
27,37,LA
23,20,NE
24,17,NE
30,23,NE
20,24,LA
14,40,LA
34,22,NE
27,3,NE
24,20,NE
31,6,NE
6,15,LA
48,34,NE
27,34,LA
20,23,LA
30,13,NE
17,12,NE
23,27,LA
28,23,NE
28,20,NE
16,55,LA
31,7,NE
22,20,NE
17,3,NE
17,16,NE
17,20,LA
17,35,LA
16,20,LA
9,34,LA
17,34,LA
24,27,LA
37,18,NE
31,0,NE
14,28,LA
26,30,LA
38,33,NE
21,10,NE
38,23,NE
21,9,NE
28,17,NE
13,40,LA
21,24,LA
27,31,LA
37,21,NE
28,29,LA
27,10,NE
38,24,NE
23,24,LA
38,31,NE
3,9,LA
10,23,LA
41,24,NE
13,7,NE
13,21,LA
24,16,NE
40,14,NE
27,23,NE
23,26,LA
35,30,NE
62,37,NE
35,10,NE
14,27,LA
24,17,NE
14,7,NE
24,28,LA
14,10,NE
37,23,NE
19,20,LA
20,9,NE
31,12,NE
29,24,NE
17,14,NE
44,20,NE
27,3,NE
24,9,NE
31,23,NE
23,10,NE
27,14,NE
35,10,NE
13,23,LA
42,23,NE
24,10,NE
27,38,LA
16,31,LA
26,20,NE
31,21,NE
45,34,NE
38,6,NE
34,17,NE
9,13,LA
36,37,LA
43,38,NE
21,7,NE
38,30,NE
27,39,LA
35,28,NE
38,13,NE
31,38,LA
31,24,NE
38,21,NE
13,41,LA
30,3,NE
16,10,NE
37,26,NE
22,21,NE
30,24,NE
49,14,NE
44,22,NE
19,26,LA
35,23,NE
41,14,NE
28,29,LA
9,24,LA
31,6,NE
3,34,LA
35,20,NE
42,10,NE
24,20,NE
40,21,NE
34,24,NE
10,7,NE
17,7,NE
31,20,NE
37,16,NE
13,14,LA
38,6,NE
17,16,NE
23,17,NE
21,31,LA
31,10,NE
17,7,NE
20,3,NE
17,20,LA
42,17,NE
20,27,LA
24,34,LA
30,20,NE
43,13,NE
46,14,NE
40,13,NE
34,23,NE
17,21,LA
20,0,NE
21,14,NE
26,3,NE
38,10,NE
10,38,LA
41,10,NE
27,20,NE
16,13,NE
31,17,NE
28,30,LA
24,10,NE
23,16,NE
20,30,LA
33,20,NE
21,25,LA
35,20,NE
24,7,NE
14,21,LA
30,33,LA
24,6,NE
3,13,LA
28,23,NE
31,7,NE
17,14,NE
21,20,NE
17,23,LA
45,28,NE
38,14,NE
45,26,NE
31,16,NE
17,13,NE
28,12,NE
16,10,NE
34,17,NE
38,13,NE
27,30,LA
38,19,NE
42,13,NE
42,24,NE
35,7,NE
24,31,LA
27,22,NE
21,19,NE
37,6,NE
31,45,LA
31,14,NE
31,17,NE
35,24,NE
31,24,NE
24,17,NE
30,19,NE
14,10,NE
17,13,NE
21,28,LA
10,24,LA
28,16,NE
43,0,NE
24,21,NE
31,13,NE
24,37,LA
16,13,NE
27,23,NE
25,22,NE
51,24,NE
27,20,NE
24,10,NE
24,14,NE
27,21,NE
3,24,LA
34,24,NE
35,42,LA
24,3,NE
6,17,LA
31,19,NE
38,27,NE
52,47,NE
34,21,NE
28,24,NE
52,14,NE
28,13,NE
24,27,LA
23,27,LA
21,37,LA
23,36,LA
16,10,NE
38,24,NE
23,26,LA
16,24,LA
30,21,NE
13,27,LA
21,12,NE
27,20,NE
17,21,LA
26,22,NE
37,21,NE
27,20,NE
28,20,NE
41,17,NE
23,13,NE
17,19,LA
20,17,NE
16,27,LA
24,38,LA
24,17,NE
28,10,NE
27,7,NE
28,26,NE
10,26,LA
28,17,NE
14,16,LA
13,24,LA
30,13,NE
31,14,NE
17,14,NE
34,17,NE
26,30,LA
31,24,NE
38,14,NE
7,0,NE
24,10,NE
24,20,NE
17,45,LA
57,20,NE
17,23,LA
35,38,LA
16,10,NE
17,7,NE
34,16,NE
13,44,LA
34,26,NE
23,7,NE
45,17,NE
17,24,LA
0,36,LA
24,48,LA
12,10,NE
21,14,NE
20,13,NE
38,21,NE
23,26,LA
23,21,NE
34,10,NE
17,7,NE
22,21,NE
26,17,NE
24,27,LA
35,24,NE
26,28,LA
38,27,NE
16,17,LA
24,14,NE
16,17,LA
45,20,NE
38,10,NE
44,7,NE
17,10,NE
31,14,NE
31,23,NE
20,28,LA
33,41,LA
17,38,LA
17,23,LA
10,33,LA
31,17,NE
9,3,NE
31,21,NE
21,27,LA
13,14,LA
23,44,LA
13,17,LA
26,40,LA
26,19,NE
17,20,LA
34,19,NE
14,22,LA
37,23,NE
10,24,LA
51,19,NE
19,3,NE
30,14,NE
31,39,LA
20,21,LA
34,13,NE
24,14,NE
27,3,NE
21,41,LA
30,26,NE
16,10,NE
20,44,LA
20,21,LA
30,38,LA
21,20,NE
33,36,LA
24,17,NE
28,21,NE
46,10,NE
23,0,NE
40,21,NE
37,23,NE
37,27,NE
62,19,NE
23,27,LA
14,0,NE
12,13,LA
38,10,NE
27,13,NE
30,23,NE
19,31,LA
19,35,LA
37,23,NE
17,32,LA
7,0,NE
24,17,NE
28,6,NE
13,14,LA
37,3,NE
9,20,LA
33,16,NE
30,20,NE
32,20,NE
25,27,LA
10,12,LA
10,27,LA
27,13,NE
37,30,NE
38,7,NE
7,14,LA
35,37,LA
37,6,NE
44,20,NE
20,24,LA
10,13,LA
34,7,NE
10,27,LA
20,28,LA
38,13,NE
20,16,NE
33,16,NE
31,24,NE
30,24,NE
30,26,NE
13,24,LA
34,17,NE
21,42,LA
34,10,NE
31,10,NE
13,20,LA
40,7,NE
14,26,LA
27,6,NE
21,10,NE
24,51,LA
13,28,LA
20,24,LA
16,17,LA
40,50,LA
7,27,LA
23,14,NE
31,3,NE
17,10,NE
31,0,NE
38,15,NE
20,0,NE
34,27,NE
21,24,LA
13,21,LA
7,13,LA
45,35,NE
16,28,LA
7,17,LA
7,10,LA
17,10,NE
14,19,LA
52,27,NE
27,17,NE
24,38,LA
16,10,NE
20,30,LA
52,21,NE
27,10,NE
21,31,LA
27,17,NE
6,7,LA
30,29,NE
38,21,NE
26,17,NE
33,28,NE
3,7,LA
48,16,NE
35,14,NE
34,27,NE
16,14,NE
23,13,NE
10,34,LA
21,20,NE
30,23,NE
27,17,NE
24,23,NE
28,24,NE
27,16,NE
19,13,NE
24,16,NE
38,17,NE
23,38,LA
54,12,NE
33,6,NE
42,13,NE
24,14,NE
42,34,NE
17,10,NE
45,23,NE
27,7,NE
14,24,LA
29,23,NE
28,15,NE
6,33,LA
27,17,NE
38,24,NE
20,3,NE
23,24,LA
13,0,NE
31,30,NE
20,3,NE
28,21,NE
21,3,NE
27,14,NE
34,16,NE
27,10,NE
41,9,NE
17,16,NE
43,10,NE
30,23,NE
31,14,NE
12,14,LA
37,10,NE
33,26,NE
42,20,NE
42,3,NE
6,10,LA
36,17,NE
26,29,LA
20,38,LA
30,20,NE
34,24,NE
48,17,NE
48,17,NE
38,7,NE
58,27,NE
20,27,LA
13,37,LA
3,23,LA
7,20,LA
30,20,NE
24,10,NE
16,17,LA
20,16,NE
14,3,NE
35,26,NE
16,31,LA
21,24,LA
20,7,NE
7,19,LA
16,14,NE
26,7,NE
14,10,NE
26,32,LA
26,17,NE
13,21,LA
41,0,NE
24,17,NE
59,20,NE
23,0,NE
20,28,LA
30,10,NE
23,14,NE
31,16,NE
21,27,LA
24,14,NE
21,7,NE
20,17,NE
28,22,NE
48,0,NE
27,7,NE
31,37,LA
7,17,LA
43,24,NE
24,20,NE
17,10,NE
47,6,NE
17,21,LA
36,20,NE
31,7,NE
40,16,NE
35,20,NE
33,7,NE
30,13,NE
45,20,NE
40,20,NE
27,12,NE
28,41,LA
49,19,NE
37,36,NE
23,31,LA
28,24,NE
31,23,NE
24,20,NE
31,41,LA
24,31,LA
31,16,NE
20,37,LA
28,31,LA
21,29,LA
28,14,NE
26,14,NE
7,13,LA
51,10,NE
20,35,LA
0,5,LA
38,21,NE
24,14,NE
55,7,NE
18,24,LA
17,6,NE
34,24,NE
28,23,NE
28,17,NE
48,20,NE
37,13,NE
51,20,NE
16,23,LA
27,35,LA
33,21,NE
41,23,NE
14,35,LA
34,0,NE
47,20,NE
14,10,NE
40,9,NE
45,21,NE
66,0,NE
38,14,NE
17,19,LA
10,26,LA
48,16,NE
14,35,LA
44,21,NE
38,40,LA
20,25,LA
44,28,NE
30,12,NE
33,24,NE
13,22,LA
20,16,NE
31,16,NE
27,16,NE
21,14,NE
20,3,NE
17,16,NE
10,19,LA
7,31,LA
27,21,NE
31,24,NE
16,17,LA
34,28,NE
23,3,NE
27,16,NE
16,31,LA
17,10,NE
13,16,LA
24,22,NE
23,34,LA
27,21,NE
35,26,NE
38,13,NE
35,6,NE
34,14,NE
22,16,NE
19,27,LA
20,28,LA
17,13,NE
52,20,NE
35,27,NE
27,41,LA
34,37,LA
37,35,NE
31,7,NE
31,14,NE
44,20,NE
41,3,NE
14,10,NE
45,17,NE
35,2,NE
14,30,LA
38,16,NE
20,23,LA
30,41,LA
17,21,LA
23,17,NE
35,0,NE
14,28,LA
34,20,NE
17,31,LA
30,13,NE
9,16,LA
10,21,LA
20,10,NE
10,19,LA
10,21,LA
24,14,NE
25,20,NE
24,14,NE
30,14,NE
17,24,LA
33,34,LA
49,24,NE
12,24,LA
38,16,NE
17,16,NE
17,7,NE
19,31,LA
20,16,NE
44,31,NE
10,13,LA
17,28,LA
24,17,NE
26,27,LA
13,17,LA
13,38,LA
13,10,NE
27,14,NE
13,17,LA
6,24,LA
31,27,NE
7,24,LA
24,14,NE
37,17,NE
20,23,LA
48,14,NE
20,27,LA
30,6,NE
30,24,NE
31,10,NE
37,38,LA
10,19,LA
28,16,NE
19,27,LA
41,31,NE
34,10,NE
24,10,NE
27,13,NE
20,3,NE
13,31,LA
23,12,NE
45,9,NE
34,3,NE
21,19,NE
28,17,NE
23,22,NE
21,29,LA
37,26,NE
34,28,NE
31,12,NE
10,33,LA
41,32,NE
16,14,NE
38,26,NE
56,24,NE
33,27,NE
23,26,LA
14,31,LA
41,17,NE
21,27,LA
38,31,NE
24,38,LA
6,7,LA
19,14,NE
31,7,NE
10,13,LA
31,19,NE
3,0,NE
24,26,LA
27,21,NE
27,16,NE
7,13,LA
17,10,NE
36,37,LA
27,20,NE
31,30,NE
31,18,NE
34,14,NE
38,31,NE
9,7,NE
24,10,NE
37,9,NE
23,13,NE
20,34,LA
34,20,NE
27,10,NE
41,6,NE
37,34,NE
23,10,NE
24,10,NE
30,13,NE
20,40,LA
23,10,NE
12,20,LA
10,17,LA
38,14,NE
20,3,NE
24,31,LA
24,21,NE
24,26,LA
37,35,NE
10,32,LA
7,10,LA
16,27,LA
27,14,NE
34,21,NE
24,16,NE
24,19,NE
27,16,NE
24,22,NE
24,10,NE
17,0,NE
14,0,NE
44,7,NE
20,9,NE
26,12,NE
31,44,LA
31,7,NE
27,12,NE
30,14,NE
30,33,LA
23,10,NE
17,39,LA
24,31,LA
24,17,NE
41,6,NE
37,22,NE
33,7,NE
26,17,NE
45,31,NE
24,37,LA
56,7,NE
23,19,NE
20,13,NE
38,16,NE
24,9,NE
33,7,NE
24,3,NE
24,17,NE
17,23,LA
34,10,NE
28,10,NE
44,16,NE
16,17,LA
28,13,NE
10,3,NE
20,13,NE
3,10,LA
20,10,NE
41,13,NE
30,19,NE
22,17,NE
24,20,NE
30,10,NE
22,21,NE
24,20,NE
36,10,NE
44,38,NE
30,17,NE
42,21,NE
17,28,LA
26,13,NE
24,23,NE
23,21,NE
7,21,LA
28,20,NE
33,19,NE
17,30,LA
24,7,NE
7,31,LA
29,28,NE
31,13,NE
14,20,LA
23,30,LA
51,20,NE
31,7,NE
7,10,LA
14,9,NE
23,20,NE
30,13,NE
26,23,NE
45,23,NE
41,5,NE
14,32,LA
29,15,NE
27,13,NE
33,19,NE
17,29,LA
36,10,NE
41,16,NE
31,7,NE
27,21,NE
13,17,LA
30,14,NE
3,17,LA
27,33,LA
20,30,LA
20,31,LA
31,14,NE
23,20,NE
20,10,NE
27,16,NE
30,17,NE
13,26,LA
26,38,LA
34,7,NE
27,38,LA
28,36,LA
17,30,LA
35,42,LA
31,41,LA
31,14,NE
24,17,NE
38,17,NE
28,13,NE
16,23,LA
21,15,NE
34,20,NE
14,27,LA
17,23,LA
28,10,NE
27,7,NE
30,13,NE
10,7,NE
31,3,NE
24,14,NE
27,23,NE
41,20,NE
25,21,NE
28,7,NE
24,28,LA
21,19,NE
37,9,NE
27,16,NE
41,24,NE
34,23,NE
21,20,NE
37,14,NE
24,27,LA
23,37,LA
35,13,NE
32,33,LA
37,20,NE
34,21,NE
13,17,LA
13,7,NE
23,13,NE
41,23,NE
41,13,NE
20,27,LA
29,10,NE
33,0,NE
30,23,NE
31,14,NE
35,17,NE
24,20,NE
30,23,NE
17,24,LA
0,19,LA
28,10,NE
24,20,NE
34,6,NE
13,33,LA
24,13,NE
20,21,LA
34,29,NE
41,16,NE
17,19,LA
21,6,NE
52,19,NE
31,9,NE
21,7,NE
13,23,LA
27,10,NE
12,7,NE
14,24,LA
49,37,NE
30,13,NE
21,19,NE
21,24,LA
21,16,NE
9,16,LA
10,16,LA
37,17,NE
21,13,NE
21,16,NE
44,38,NE
49,35,NE
27,19,NE
37,3,NE
34,17,NE
23,31,LA
14,17,LA
27,9,NE
31,26,NE
40,6,NE
37,24,NE
15,13,NE
19,20,LA
22,7,NE
38,17,NE
27,22,NE
59,17,NE
17,37,LA
34,31,NE
29,24,NE
26,13,NE
56,27,NE
35,24,NE
27,13,NE
48,21,NE
16,0,NE
38,3,NE
35,12,NE
45,31,NE
28,24,NE
28,13,NE
14,26,LA
17,16,NE
42,3,NE
27,13,NE
20,24,LA
57,6,NE
28,27,NE
34,40,LA
34,12,NE
26,24,NE
17,10,NE
13,26,LA
10,13,LA
34,19,NE
24,20,NE
55,13,NE
37,19,NE
10,27,LA
29,16,NE
30,17,NE
27,16,NE
17,20,LA
37,13,NE
10,40,LA
10,17,LA
34,17,NE
20,23,LA
31,14,NE
23,27,LA
16,34,LA
40,21,NE
25,13,NE
7,14,LA
10,7,NE
27,31,LA
20,24,LA
51,30,NE
16,17,LA
3,13,LA
20,16,NE
30,3,NE
14,20,LA
44,27,NE
38,7,NE
14,0,NE
47,28,NE
31,17,NE
34,35,LA
26,16,NE
34,28,NE
49,10,NE
22,20,NE
37,24,NE
30,19,NE
24,10,NE
31,29,NE
3,13,LA
30,6,NE
23,17,NE
50,7,NE
16,17,LA
24,14,NE
20,17,NE
27,6,NE
31,28,NE
34,31,NE
35,24,NE
35,10,NE
45,10,NE
31,13,NE
3,14,LA
30,13,NE
38,21,NE
16,37,LA
56,3,NE
37,24,NE
23,20,NE
21,10,NE
20,21,LA
9,0,NE
31,21,NE
10,17,LA
34,10,NE
23,21,NE
17,6,NE
24,17,NE
25,10,NE
13,20,LA
21,38,LA
24,21,NE
27,3,NE
14,6,NE
23,0,NE
10,7,NE
30,24,NE
28,20,NE
38,16,NE
20,37,LA
38,3,NE
31,24,NE
24,31,LA
20,10,NE
14,23,LA
41,9,NE
30,43,LA
20,6,NE
30,13,NE
22,20,NE
34,27,NE
34,17,NE
24,30,LA
31,8,NE
30,27,NE
47,13,NE
30,23,NE
17,20,LA
24,21,NE
38,14,NE
48,24,NE
23,10,NE
41,20,NE
17,37,LA
17,14,NE
33,27,NE
6,7,LA
27,20,NE
20,23,LA
34,15,NE
17,20,LA
20,21,LA
10,34,LA
30,10,NE
16,24,LA
41,14,NE
37,22,NE
16,19,LA
47,23,NE
24,13,NE
27,0,NE
17,35,LA
20,7,NE
17,13,NE
24,14,NE
21,20,NE
23,21,NE
30,24,NE
27,10,NE
20,14,NE
34,14,NE
13,62,LA
21,7,NE
27,10,NE
14,25,LA
16,23,LA
24,27,LA
16,23,LA
34,25,NE
35,28,NE
47,31,NE
34,13,NE
36,7,NE
10,6,NE
33,7,NE
20,17,NE
17,41,LA
23,10,NE
28,3,NE
21,27,LA
24,26,LA
48,39,NE
10,6,NE
30,14,NE
37,23,NE
20,17,NE
28,20,NE
55,20,NE
16,50,LA
16,12,NE
48,30,NE
20,23,LA
6,16,LA
21,28,LA
24,17,NE
20,6,NE
23,24,LA
14,7,NE
29,10,NE
34,3,NE
31,28,NE
37,14,NE
35,23,NE
20,22,LA
20,17,NE
14,7,NE
27,45,LA
41,13,NE
28,10,NE
31,14,NE
19,27,LA
20,26,LA
27,16,NE
30,21,NE
21,26,LA
34,16,NE
34,13,NE
27,46,LA
21,28,LA
19,2,NE
23,30,LA
31,27,NE
20,17,NE
35,14,NE
54,13,NE
37,17,NE
29,31,LA
16,20,LA
13,6,NE
34,31,NE
20,31,LA
17,24,LA
33,10,NE
7,6,NE
25,7,NE
14,17,LA
34,16,NE
27,24,NE
28,16,NE
13,20,LA
34,12,NE
24,21,NE
38,19,NE
41,10,NE
17,10,NE
0,41,LA
6,19,LA
37,17,NE
29,10,NE
21,17,NE
23,14,NE
37,17,NE
41,17,NE
16,17,LA
38,22,NE
47,23,NE
13,26,LA
37,13,NE
30,31,LA
40,27,NE
38,21,NE
14,17,LA
23,20,NE
65,13,NE
26,17,NE
31,34,LA
20,19,NE
54,21,NE
30,19,NE
13,0,NE
16,17,LA
38,7,NE
10,7,NE
23,27,LA
10,0,NE
17,20,LA
44,19,NE
18,13,NE
40,10,NE
43,23,NE
33,20,NE
17,27,LA
10,44,LA
20,14,NE
30,17,NE
3,7,LA
28,14,NE
6,27,LA
24,25,LA
13,26,LA
23,12,NE
35,27,NE
37,41,LA
31,10,NE
6,30,LA
66,20,NE
30,28,NE
9,17,LA
41,37,NE
21,10,NE
13,16,LA
31,24,NE
24,20,NE
17,12,NE
45,3,NE
30,16,NE
3,14,LA
23,37,LA
27,13,NE
17,25,LA
6,20,LA
30,7,NE
31,23,NE
41,13,NE
36,10,NE
20,7,NE
31,15,NE
20,21,LA
9,17,LA
45,6,NE
19,38,LA
45,23,NE
38,28,NE
20,17,NE
41,16,NE
26,3,NE
15,24,LA
42,17,NE
37,31,NE
21,20,NE
42,7,NE
21,29,LA
17,21,LA
24,14,NE
14,24,LA
20,21,LA
16,22,LA
45,17,NE
29,16,NE
34,41,LA
38,13,NE
17,31,LA
42,20,NE
17,27,LA
41,23,NE
20,26,LA
17,20,LA
24,19,NE
33,23,NE
27,13,NE
34,35,LA
24,20,NE
20,19,NE
45,9,NE
19,20,LA
16,21,LA
17,26,LA
19,41,LA
14,30,LA
31,10,NE
21,30,LA
21,0,NE
21,7,NE
7,6,NE
35,37,LA
33,10,NE
44,14,NE
22,16,NE
23,14,NE
42,7,NE
30,14,NE
27,19,NE
10,19,LA
38,16,NE
48,10,NE
38,9,NE
24,16,NE
10,21,LA
23,12,NE
19,13,NE
42,10,NE
41,17,NE
59,14,NE
41,10,NE
24,19,NE
20,27,LA
30,41,LA
20,10,NE
35,27,NE
17,13,NE
27,24,NE
38,40,LA
27,16,NE
13,6,NE
16,26,LA
10,34,LA
26,20,NE
30,7,NE
27,24,NE
31,14,NE
38,20,NE
13,20,LA
28,3,NE
38,10,NE
10,32,LA
31,6,NE
31,6,NE
20,7,NE
21,10,NE
20,23,LA
31,17,NE
14,13,NE
17,33,LA
37,28,NE
3,0,NE
14,35,LA
23,20,NE
48,3,NE
47,24,NE
35,16,NE
38,22,NE
17,20,LA
38,13,NE
13,17,LA
13,16,LA
12,20,LA
28,23,NE
24,38,LA
38,17,NE
17,14,NE
24,14,NE
13,20,LA
24,21,NE
31,3,NE
20,28,LA
38,10,NE
35,9,NE
21,7,NE
14,16,LA
45,14,NE
34,14,NE
30,10,NE
24,14,NE
24,20,NE
20,6,NE
27,6,NE
35,6,NE
38,27,NE
20,23,LA
27,17,NE
23,7,NE
55,58,LA
20,38,LA
17,10,NE
28,27,NE
37,10,NE
28,26,NE
27,34,LA
22,17,NE
31,6,NE
28,17,NE
27,18,NE
13,21,LA
26,13,NE
10,17,LA
27,9,NE
38,13,NE
20,10,NE
27,44,LA
10,3,NE
27,26,NE
20,28,LA
17,14,NE
23,20,NE
41,38,NE
0,24,LA
3,6,LA
34,14,NE
35,17,NE
33,20,NE
55,31,NE
41,28,NE
13,16,LA
34,21,NE
41,27,NE
14,20,LA
16,35,LA
14,13,NE
52,17,NE
21,38,LA
20,26,LA
21,17,NE
27,20,NE
20,17,NE
28,23,NE
31,21,NE
24,38,LA
31,7,NE
34,6,NE
7,12,LA
26,18,NE
24,6,NE
49,26,NE
31,26,NE
3,37,LA
7,17,LA
27,34,LA
31,12,NE
34,10,NE
24,27,LA
31,10,NE
3,10,LA
9,21,LA
0,10,LA
16,0,NE
13,10,NE
17,31,LA
28,31,LA
17,37,LA
21,31,LA
31,21,NE
30,29,NE
53,30,NE
42,24,NE
27,56,LA
52,36,NE
17,20,LA
20,17,NE
27,6,NE
33,20,NE
14,24,LA
48,12,NE
35,6,NE
19,10,NE
16,42,LA
17,6,NE
17,14,NE
16,7,NE
24,10,NE
35,13,NE
23,17,NE
20,16,NE
37,31,NE
30,27,NE
24,28,LA
30,15,NE
20,14,NE
37,17,NE
13,27,LA
30,21,NE
20,0,NE
23,10,NE
17,20,LA
38,7,NE
23,37,LA
27,13,NE
35,37,LA
16,20,LA
16,28,LA
34,26,NE
10,17,LA
33,28,NE
34,7,NE
16,31,LA
31,6,NE
31,20,NE
52,13,NE
46,24,NE
19,13,NE
37,7,NE
13,24,LA
24,21,NE
27,9,NE
38,28,NE
28,14,NE
34,29,NE
24,35,LA
23,20,NE
17,12,NE
27,10,NE
17,30,LA
21,27,LA
17,21,LA
31,20,NE
51,3,NE
23,6,NE
44,14,NE
31,37,LA
28,23,NE
16,20,LA
10,19,LA
38,0,NE
21,17,NE
3,24,LA
28,23,NE
44,14,NE
24,14,NE
33,14,NE
20,3,NE
38,13,NE
38,7,NE
13,17,LA
21,16,NE
35,20,NE
27,23,NE
3,13,LA
26,16,NE
48,13,NE
7,25,LA
10,22,LA
28,27,NE
10,14,LA
35,10,NE
12,21,LA
10,30,LA
21,10,NE
38,34,NE
27,14,NE
26,7,NE
20,17,NE
35,10,NE
38,14,NE
35,20,NE
31,6,NE
41,36,NE
34,17,NE
35,27,NE
27,13,NE
24,28,LA
34,20,NE
20,21,LA
30,7,NE
6,14,LA
38,8,NE
31,10,NE
30,17,NE
0,25,LA
27,6,NE
31,23,NE
20,26,LA
13,23,LA
27,34,LA
24,3,NE
31,21,NE
27,3,NE
49,3,NE
42,28,NE
24,30,LA
28,13,NE
40,22,NE
40,37,NE
31,27,NE
34,3,NE
38,30,NE
23,17,NE
17,9,NE
19,10,NE
28,9,NE
21,14,NE
30,20,NE
21,14,NE
41,14,NE
20,35,LA
10,19,LA
17,14,NE
14,27,LA
34,17,NE
30,5,NE
13,16,LA
17,7,NE
17,19,LA
36,13,NE
14,27,LA
42,0,NE
31,3,NE
23,28,LA
27,28,LA
31,20,NE
24,10,NE
26,14,NE
29,16,NE
20,13,NE
34,17,NE
38,9,NE
20,16,NE
33,31,NE
37,41,LA
31,30,NE
31,14,NE
21,34,LA
34,20,NE
35,20,NE
31,30,NE
44,39,NE
35,24,NE
28,30,LA
24,17,NE
45,27,NE
17,28,LA
52,42,NE
49,26,NE
21,22,LA
16,23,LA
9,3,NE
15,3,NE
31,24,NE
20,34,LA
38,7,NE
35,10,NE
13,24,LA
17,34,LA
33,38,LA
38,10,NE
27,24,NE
19,23,LA
30,13,NE
22,17,NE
45,16,NE
21,14,NE
27,16,NE
49,31,NE
14,44,LA
27,14,NE
16,34,LA
14,41,LA
41,30,NE
30,14,NE
20,0,NE
23,27,LA
30,38,LA
33,13,NE
30,21,NE
21,34,LA
21,42,LA
28,29,LA
41,20,NE
17,7,NE
34,13,NE
7,26,LA
10,13,LA
33,16,NE
28,20,NE
26,16,NE
30,20,NE
24,33,LA
24,12,NE
13,37,LA
23,13,NE
42,21,NE
34,20,NE
45,34,NE
3,7,LA
21,29,LA
15,19,LA
20,7,NE
13,3,NE
31,3,NE
35,6,NE
27,40,LA
14,31,LA
20,10,NE
44,21,NE
23,26,LA
35,16,NE
31,33,LA
37,20,NE
37,19,NE
30,7,NE
24,19,NE
22,14,NE
24,10,NE
12,22,LA
13,17,LA
10,9,NE
27,13,NE
41,27,NE
31,10,NE
32,14,NE
56,19,NE
17,41,LA
24,13,NE
27,6,NE
10,20,LA
35,20,NE
26,17,NE
30,7,NE
24,19,NE
24,12,NE
10,12,LA
23,34,LA
37,16,NE
34,21,NE
35,12,NE
14,24,LA
30,18,NE
31,20,NE
31,27,NE
23,25,LA
31,44,LA
30,31,LA
23,14,NE
38,16,NE
38,7,NE
16,20,LA
42,22,NE
14,20,LA
26,7,NE
23,17,NE
26,21,NE
37,9,NE
42,31,NE
45,7,NE
34,10,NE
23,17,NE
13,16,LA
20,9,NE
0,17,LA
14,16,LA
21,19,NE
27,31,LA
31,20,NE
21,3,NE
23,13,NE
35,7,NE
28,17,NE
29,9,NE
10,13,LA
23,3,NE
26,14,NE
21,20,NE
20,19,NE
38,20,NE
23,13,NE
26,10,NE
9,3,NE
17,21,LA
27,34,LA
54,6,NE
26,17,NE
28,35,LA
42,17,NE
20,16,NE
30,20,NE
30,25,NE
7,26,LA
24,10,NE
20,3,NE
28,21,NE
37,27,NE
24,26,LA
24,27,LA
26,21,NE
35,0,NE
30,27,NE
10,42,LA
45,16,NE
24,13,NE
48,16,NE
34,31,NE
28,7,NE
24,17,NE
33,7,NE
35,19,NE
45,24,NE
33,28,NE
30,12,NE
20,24,LA
17,21,LA
24,7,NE
47,21,NE
24,27,LA
27,24,NE
27,17,NE
23,16,NE
45,16,NE
31,16,NE
21,10,NE
34,14,NE
28,35,LA
33,23,NE
31,27,NE
31,35,LA
38,13,NE
34,17,NE
27,14,NE
31,24,NE
38,37,NE
37,7,NE
17,30,LA
27,30,LA
30,41,LA
41,17,NE
55,9,NE
24,30,LA
17,27,LA
6,38,LA
31,20,NE
34,42,LA
38,3,NE
30,21,NE
24,31,LA
27,34,LA
35,13,NE
32,24,NE
27,6,NE
37,20,NE
22,37,LA
45,30,NE
17,13,NE
13,0,NE
41,16,NE
43,20,NE
28,26,NE
17,33,LA
14,3,NE
27,22,NE
19,31,LA
30,20,NE
23,37,LA
20,27,LA
17,9,NE
21,6,NE
27,19,NE
19,21,LA
20,24,LA
24,17,NE
27,31,LA
13,17,LA
28,33,LA
7,16,LA
20,3,NE
35,30,NE
28,3,NE
31,3,NE
17,23,LA
42,35,NE
16,27,LA
39,13,NE
12,7,NE
24,16,NE
35,13,NE
27,24,NE
53,31,NE
37,17,NE
41,10,NE
12,26,LA
24,16,NE
35,16,NE
24,13,NE
28,14,NE
20,17,NE
40,23,NE
44,14,NE
33,10,NE
38,19,NE
54,14,NE
20,23,LA
35,0,NE
27,23,NE
31,10,NE
21,16,NE
24,10,NE
34,21,NE
14,21,LA
36,26,NE
3,24,LA
14,17,LA
24,16,NE
24,31,LA
23,34,LA
24,6,NE
6,3,NE
17,13,NE
30,13,NE
22,9,NE
30,27,NE
53,10,NE
34,24,NE
28,24,NE
10,28,LA
27,16,NE
44,7,NE
30,17,NE
14,33,LA
31,13,NE
17,7,NE
24,27,LA
14,31,LA
10,21,LA
27,10,NE
26,10,NE
16,7,NE
20,33,LA
32,20,NE
26,18,NE
21,10,NE
45,34,NE
31,30,NE
28,14,NE
26,20,NE
26,19,NE
38,19,NE
28,21,NE
31,30,NE
38,16,NE
44,20,NE
30,7,NE
20,17,NE
30,10,NE
31,7,NE
30,24,NE
34,27,NE
49,14,NE
41,23,NE
24,22,NE
38,7,NE
26,27,LA
13,21,LA
17,16,NE
17,14,NE
27,17,NE
21,23,LA
20,23,LA
24,30,LA
7,13,LA
28,14,NE
20,24,LA
20,29,LA
19,17,NE
14,28,LA
10,21,LA
45,26,NE
9,23,LA
12,14,LA
30,15,NE
47,23,NE
22,24,LA
10,12,LA
21,40,LA
26,13,NE
31,24,NE
23,17,NE
10,24,LA
26,24,NE
27,34,LA
40,20,NE
46,33,NE
33,6,NE
24,27,LA
25,35,LA
42,13,NE
66,26,NE
37,24,NE
36,19,NE
30,17,NE
23,20,NE
21,16,NE
27,24,NE
28,26,NE
30,31,LA
16,24,LA
49,34,NE
37,13,NE
21,17,NE
41,21,NE
51,3,NE
34,20,NE
41,17,NE
31,20,NE
27,13,NE
24,14,NE
42,0,NE
30,20,NE
16,17,LA
48,14,NE
37,34,NE
21,29,LA
10,16,LA
17,32,LA
20,13,NE
24,13,NE
45,14,NE
30,13,NE
10,14,LA
37,13,NE
38,26,NE
7,37,LA
24,16,NE
14,24,LA
27,20,NE
23,34,LA
14,13,NE
20,13,NE
23,16,NE
29,20,NE
17,10,NE
27,7,NE
5,33,LA
45,27,NE
31,17,NE
28,26,NE
37,20,NE
27,7,NE
30,21,NE
35,30,NE
38,20,NE
29,33,LA
27,13,NE
27,9,NE
14,3,NE
13,26,LA
43,32,NE
20,16,NE
10,0,NE
45,27,NE
6,21,LA
16,17,LA
37,20,NE
35,13,NE
21,14,NE
17,7,NE
10,17,LA
23,15,NE
31,24,NE
41,24,NE
17,22,LA
17,10,NE
31,27,NE
21,3,NE
21,13,NE
23,14,NE
37,26,NE
17,10,NE
26,20,NE
27,13,NE
31,10,NE
19,34,LA
24,10,NE
10,17,LA
16,27,LA
47,9,NE
7,14,LA
24,23,NE
24,17,NE
20,37,LA
37,7,NE
27,7,NE
52,13,NE
23,29,LA
27,20,NE
23,28,LA
33,16,NE
17,0,NE
23,19,NE
34,10,NE
42,41,NE
34,9,NE
17,10,NE
28,21,NE
13,25,LA
34,47,LA
31,24,NE
28,19,NE
17,22,LA
17,25,LA
30,0,NE
29,33,LA
17,13,NE
37,26,NE
24,16,NE
3,15,LA
48,17,NE
23,20,NE
41,19,NE
13,16,LA
37,13,NE
13,24,LA
21,10,NE
45,16,NE
42,20,NE
23,7,NE
12,7,NE
24,21,NE
37,21,NE
24,10,NE
21,38,LA
45,3,NE
17,12,NE
16,41,LA
19,33,LA
31,28,NE
27,7,NE
22,12,NE
14,24,LA
37,7,NE
7,26,LA
33,13,NE
50,42,NE
23,17,NE
24,16,NE
27,47,LA
38,31,NE
38,33,NE
19,22,LA
24,16,NE
30,13,NE
27,31,LA
27,10,NE
31,10,NE
17,19,LA
20,10,NE
20,24,LA
45,14,NE
38,24,NE
10,26,LA
17,37,LA
28,34,LA
13,25,LA
37,17,NE
27,7,NE
31,7,NE
24,26,LA
28,10,NE
35,24,NE
28,7,NE
23,7,NE
47,9,NE
24,10,NE
24,17,NE
36,26,NE
31,20,NE
17,21,LA
31,20,NE
7,30,LA
40,13,NE
17,24,LA
40,23,NE
46,36,NE
26,21,NE
13,27,LA
20,23,LA
23,20,NE
36,13,NE
38,20,NE
27,19,NE
35,12,NE
20,3,NE
23,6,NE
33,10,NE
38,26,NE
27,9,NE
17,28,LA
35,10,NE
14,7,NE
20,23,LA
23,10,NE
27,30,LA
27,48,LA
31,29,NE
24,6,NE
24,20,NE
23,13,NE
21,30,LA
30,10,NE
13,3,NE
25,14,NE
19,17,NE
17,27,LA
20,14,NE
31,35,LA
10,13,LA
20,17,NE
17,15,NE
29,10,NE
17,12,NE
17,14,NE
38,21,NE
31,30,NE
19,14,NE
31,23,NE
14,10,NE
28,38,LA
52,21,NE
35,6,NE
28,3,NE
20,23,LA
59,0,NE
35,24,NE
34,10,NE
33,19,NE
30,23,NE
26,13,NE
17,16,NE
28,37,LA
30,34,LA
42,10,NE
34,29,NE
31,13,NE
51,17,NE
21,13,NE
31,30,NE
14,23,LA
34,14,NE
35,27,NE
26,13,NE
51,16,NE
34,33,NE
33,17,NE
34,27,NE
30,21,NE
20,26,LA
41,6,NE
24,21,NE
17,19,LA
35,24,NE
31,13,NE
24,27,LA
61,21,NE
20,21,LA
31,22,NE
17,10,NE
6,29,LA
17,24,LA
35,13,NE
38,0,NE
31,20,NE
3,10,LA
33,31,NE
21,17,NE
26,23,NE
24,30,LA
38,7,NE
35,21,NE
21,14,NE
41,23,NE
20,30,LA
17,23,LA
37,10,NE
17,15,NE
21,14,NE
38,20,NE
14,20,LA
27,6,NE
23,27,LA
24,38,LA
27,20,NE
42,12,NE
31,7,NE
24,14,NE
27,31,LA
20,28,LA
37,19,NE
31,21,NE
38,37,NE
20,32,LA
30,28,NE
33,13,NE
31,23,NE
28,30,LA
24,10,NE
31,24,NE
27,36,LA
37,27,NE
24,10,NE
26,3,NE
14,3,NE
21,13,NE
16,33,LA
10,21,LA
13,36,LA
24,27,LA
28,0,NE
38,21,NE
20,12,NE
49,17,NE
24,31,LA
34,20,NE
34,14,NE
14,13,NE
32,19,NE
27,20,NE
27,17,NE
27,23,NE
35,14,NE
34,27,NE
19,10,NE
31,10,NE
20,31,LA
34,17,NE
33,45,LA
3,31,LA
26,6,NE
31,52,LA
38,27,NE
28,38,LA
31,14,NE
23,20,NE
27,23,NE
21,7,NE
20,21,LA
51,31,NE
45,24,NE
30,26,NE
27,8,NE
27,17,NE
16,30,LA
41,17,NE
22,3,NE
36,34,NE
31,17,NE
37,30,NE
21,13,NE
24,27,LA
17,16,NE
28,24,NE
44,22,NE
27,23,NE
30,17,NE
27,7,NE
17,16,NE
17,13,NE
13,6,NE
10,30,LA
34,38,LA
22,28,LA
29,9,NE
17,3,NE
7,28,LA
17,20,LA
27,10,NE
24,44,LA
43,19,NE
17,29,LA
13,20,LA
13,7,NE
43,3,NE
17,21,LA
17,34,LA
24,31,LA
20,7,NE
14,7,NE
24,16,NE
37,10,NE
14,20,LA
38,23,NE
49,14,NE
34,17,NE
29,30,LA
34,14,NE
55,10,NE
16,6,NE
27,14,NE
10,15,LA
27,14,NE
41,21,NE
13,12,NE
24,10,NE
35,0,NE
23,26,LA
27,16,NE
38,13,NE
30,17,NE
21,3,NE
24,14,NE
31,9,NE
17,30,LA
12,25,LA
27,37,LA
35,9,NE
16,7,NE
52,13,NE
33,10,NE
20,16,NE
16,23,LA
31,7,NE
10,14,LA
28,19,NE
16,24,LA
28,21,NE
27,17,NE
27,14,NE
30,16,NE
34,20,NE
31,23,NE
3,7,LA
24,16,NE
24,7,NE
16,13,NE
21,24,LA
28,3,NE
31,23,NE
34,14,NE
31,7,NE
45,30,NE
28,14,NE
44,20,NE
24,27,LA
10,26,LA
42,13,NE
30,19,NE
17,10,NE
31,23,NE
21,24,LA
55,13,NE
10,26,LA
20,21,LA
30,41,LA
3,16,LA
10,23,LA
21,29,LA
20,23,LA
24,17,NE
27,17,NE
17,19,LA
28,3,NE
49,29,NE
35,14,NE
23,17,NE
10,22,LA
17,30,LA
19,24,LA
28,16,NE
48,40,NE
27,18,NE
31,57,LA
38,3,NE
17,7,NE
23,27,LA
30,10,NE
10,30,LA
24,7,NE
28,26,NE
14,10,NE
24,40,LA
21,12,NE
23,21,NE
13,7,NE
14,35,LA
27,24,NE
38,7,NE
37,14,NE
20,17,NE
16,27,LA
31,17,NE
24,21,NE
45,31,NE
48,23,NE
20,21,LA
37,21,NE
20,9,NE
31,17,NE
51,14,NE
44,14,NE
30,31,LA
24,17,NE
27,3,NE
23,34,LA
17,13,NE
30,16,NE
18,17,NE
27,33,LA
27,13,NE
20,6,NE
35,16,NE
20,27,LA
9,7,NE
49,13,NE
24,34,LA
48,23,NE
42,21,NE
34,13,NE
31,7,NE
30,28,NE
17,37,LA
30,14,NE
47,34,NE
34,16,NE
27,14,NE
3,13,LA
14,21,LA
31,27,NE
19,21,LA
45,10,NE
27,3,NE
31,3,NE
27,30,LA
17,24,LA
7,17,LA
24,9,NE
35,17,NE
27,16,NE
20,0,NE
14,17,LA
14,13,NE
16,17,LA
35,22,NE
38,27,NE
27,17,NE
29,34,LA
20,14,NE
19,28,LA
27,20,NE
27,16,NE
34,14,NE
14,5,NE
31,13,NE
24,17,NE
17,22,LA
28,3,NE
31,20,NE
23,19,NE
14,20,LA
52,31,NE
23,33,LA
17,20,LA
55,20,NE
28,0,NE
22,9,NE
23,19,NE
48,23,NE
9,10,LA
30,3,NE
20,24,LA
41,28,NE
3,17,LA
24,10,NE
35,7,NE
14,10,NE
31,17,NE
7,31,LA
29,33,LA
31,24,NE
37,3,NE
27,24,NE
17,14,NE
17,21,LA
38,28,NE
28,24,NE
27,32,LA
17,12,NE
24,3,NE
25,28,LA
21,10,NE
28,13,NE
41,34,NE
48,17,NE
24,31,LA
27,7,NE
38,16,NE
34,15,NE
10,35,LA
23,33,LA
23,31,LA
14,19,LA
47,13,NE
30,24,NE
30,6,NE
23,9,NE
14,26,LA
7,13,LA
14,21,LA
23,33,LA
19,20,LA
31,22,NE
34,14,NE
34,21,NE
20,10,NE
17,23,LA
13,27,LA
16,19,LA
23,7,NE
7,17,LA
42,9,NE
17,36,LA
24,9,NE
45,20,NE
28,10,NE
20,19,NE
33,3,NE
19,20,LA
43,20,NE
27,3,NE
17,37,LA
35,13,NE
35,27,NE
21,3,NE
35,13,NE
27,9,NE
20,13,NE
19,14,NE
7,31,LA
31,13,NE
23,26,LA
10,16,LA
27,17,NE
38,10,NE
21,6,NE
31,14,NE
21,20,NE
38,24,NE
38,13,NE
41,32,NE
52,12,NE
28,34,LA
27,20,NE
27,0,NE
33,14,NE
23,19,NE
24,20,NE
30,23,NE
14,17,LA
54,10,NE
17,31,LA
31,17,NE
34,7,NE
20,16,NE
44,14,NE
41,34,NE
21,7,NE
16,17,LA
31,20,NE
27,10,NE
23,7,NE
15,28,LA
27,14,NE
22,31,LA
14,17,LA
35,17,NE
31,17,NE
23,31,LA
37,34,NE
31,21,NE
24,21,NE
17,34,LA
45,22,NE
26,13,NE
17,16,NE
20,41,LA
13,27,LA
20,13,NE
14,20,LA
16,17,LA
7,10,LA
24,17,NE
30,14,NE
23,21,NE
21,9,NE
10,16,LA
27,19,NE
37,17,NE
24,9,NE
37,24,NE
30,27,NE
27,21,NE
27,16,NE
23,44,LA
26,34,LA
31,37,LA
41,31,NE
17,27,LA
44,19,NE
37,13,NE
31,10,NE
20,14,NE
14,6,NE
17,16,NE
27,23,NE
37,27,NE
16,9,NE
27,28,LA
27,12,NE
20,13,NE
24,20,NE
37,13,NE
27,31,LA
20,24,LA
41,10,NE
16,14,NE
10,14,LA
20,17,NE
33,3,NE
20,17,NE
21,14,NE
0,6,LA
21,10,NE
38,10,NE
33,17,NE
20,17,NE
10,17,LA
34,20,NE
27,7,NE
23,26,LA
20,23,LA
49,10,NE
16,9,NE
35,10,NE
20,34,LA
45,14,NE
10,30,LA
28,9,NE
24,29,LA
27,29,LA
44,16,NE
27,10,NE
27,10,NE
28,10,NE
20,6,NE
16,45,LA
31,6,NE
16,19,LA
17,23,LA
28,12,NE
34,21,NE
28,23,NE
10,24,LA
16,41,LA
26,27,LA
34,14,NE
23,16,NE
27,20,NE
26,10,NE
30,28,NE
27,23,NE
35,16,NE
17,10,NE
14,7,NE
20,27,LA
28,17,NE
23,3,NE
10,24,LA
34,28,NE
34,20,NE
37,16,NE
16,28,LA
23,28,LA
23,27,LA
27,10,NE
17,36,LA
24,27,LA
20,17,NE
16,24,LA
10,24,LA
20,17,NE
19,16,NE
24,27,LA
20,30,LA
7,31,LA
30,13,NE
48,21,NE
20,9,NE
24,14,NE
27,19,NE
35,24,NE
33,31,NE
24,0,NE
36,24,NE
21,20,NE
20,17,NE
28,17,NE
19,21,LA
35,16,NE
20,6,NE
28,20,NE
23,21,NE
20,26,LA
27,16,NE
45,30,NE
35,27,NE
28,14,NE
21,57,LA
27,14,NE
24,16,NE
38,17,NE
31,48,LA
38,16,NE
23,10,NE
13,31,LA
20,19,NE
28,10,NE
6,27,LA
26,13,NE
34,10,NE
41,21,NE
5,19,LA
23,16,NE
23,20,NE
17,0,NE
38,20,NE
23,16,NE
45,33,NE
14,13,NE
42,21,NE
40,14,NE
12,21,LA
21,37,LA
27,13,NE
24,20,NE
13,26,LA
35,14,NE
24,13,NE
31,17,NE
37,21,NE
13,17,LA
21,14,NE
30,7,NE
37,44,LA
19,17,NE
19,17,NE
27,23,NE
27,37,LA
17,16,NE
21,24,LA
21,20,NE
30,23,NE
30,21,NE
34,17,NE
18,29,LA
24,30,LA
31,30,NE
10,17,LA
0,17,LA
49,24,NE
24,15,NE
41,23,NE
17,16,NE
23,13,NE
20,21,LA
37,41,LA
20,44,LA
38,7,NE
30,23,NE
17,34,LA
14,30,LA
17,10,NE
41,27,NE
24,14,NE
36,21,NE
20,13,NE
27,37,LA
31,13,NE
19,31,LA
35,28,NE
21,17,NE
31,36,LA
17,21,LA
20,7,NE
24,41,LA
26,13,NE
24,13,NE
16,13,NE
20,7,NE
31,16,NE
31,21,NE
28,27,NE
30,19,NE
45,19,NE
41,6,NE
34,17,NE
17,10,NE
24,10,NE
27,20,NE
45,29,NE
13,24,LA
28,31,LA
27,16,NE
49,9,NE
17,12,NE
17,16,NE
27,34,LA
23,10,NE
35,25,NE
31,14,NE
12,13,LA
31,10,NE
54,19,NE
28,16,NE
24,31,LA
27,7,NE
26,20,NE
7,14,LA
36,33,NE
34,18,NE
41,7,NE
28,6,NE
7,40,LA
38,48,LA
29,14,NE
7,6,NE
23,17,NE
41,7,NE
24,3,NE
19,22,LA
34,10,NE
38,17,NE
17,3,NE
38,17,NE
27,23,NE
24,12,NE
7,17,LA
38,17,NE
14,27,LA
37,7,NE
13,15,LA
38,23,NE
47,20,NE
33,16,NE
42,16,NE
27,28,LA
24,17,NE
9,19,LA
38,7,NE
17,15,NE
13,6,NE
30,16,NE
31,26,NE
10,30,LA
13,41,LA
13,27,LA
19,20,LA
27,36,LA
13,29,LA
34,13,NE
55,14,NE
20,16,NE
24,13,NE
37,19,NE
30,21,NE
27,24,NE
21,3,NE
38,24,NE
30,34,LA
27,23,NE
31,19,NE
20,14,NE
14,0,NE
17,30,LA
40,31,NE
20,31,LA
41,30,NE
28,23,NE
7,28,LA
23,31,LA
17,22,LA
14,24,LA
48,21,NE
29,10,NE
41,7,NE
10,17,LA
21,16,NE
35,27,NE
24,27,LA
14,10,NE
31,30,NE
27,28,LA
30,20,NE
31,26,NE
21,3,NE
9,30,LA
34,21,NE
24,10,NE
27,3,NE
51,10,NE
27,14,NE
27,23,NE
44,9,NE
10,21,LA
28,19,NE
24,6,NE
13,0,NE
20,17,NE
41,13,NE
7,13,LA
41,17,NE
48,14,NE
27,19,NE
51,17,NE
35,20,NE
34,7,NE
27,31,LA
30,27,NE
27,20,NE
27,10,NE
44,14,NE
26,43,LA
31,23,NE
22,6,NE
30,36,LA
23,38,LA
21,28,LA
35,16,NE
16,7,NE
23,14,NE
30,13,NE
62,10,NE
20,17,NE
16,7,NE
16,0,NE
28,10,NE
33,10,NE
20,17,NE
14,17,LA
37,17,NE
27,21,NE
27,19,NE
34,17,NE
27,19,NE
24,26,LA
27,10,NE
24,10,NE
21,28,LA
34,24,NE
37,9,NE
15,13,NE
37,17,NE
41,7,NE
35,17,NE
37,22,NE
41,13,NE
16,17,LA
51,9,NE
34,7,NE
28,30,LA
23,43,LA
27,21,NE
31,17,NE
41,37,NE
24,27,LA
31,28,NE
28,30,LA
10,14,LA
14,44,LA
44,21,NE
31,9,NE
38,9,NE
21,26,LA
37,7,NE
20,17,NE
24,21,NE
52,27,NE
26,10,NE
28,8,NE
35,24,NE
24,27,LA
37,34,NE
27,10,NE
31,27,NE
10,34,LA
27,26,NE
28,7,NE
33,17,NE
28,27,NE
20,23,LA
41,21,NE
34,24,NE
17,7,NE
41,23,NE
24,28,LA
27,14,NE
24,21,NE
28,17,NE
40,7,NE
34,15,NE
22,28,LA
34,13,NE
34,6,NE
27,21,NE
34,20,NE
24,7,NE
30,24,NE
16,17,LA
32,7,NE
21,31,LA
21,10,NE
14,6,NE
30,20,NE
33,20,NE
27,17,NE
21,37,LA
48,21,NE
24,13,NE
50,10,NE
31,7,NE
14,19,LA
24,21,NE
35,19,NE
30,27,NE
13,6,NE
24,20,NE
34,13,NE
10,14,LA
38,13,NE
21,44,LA
28,16,NE
31,13,NE
35,9,NE
16,20,LA
7,12,LA
9,38,LA
16,24,LA
10,13,LA
21,24,LA
31,14,NE
31,16,NE
16,13,NE
38,40,LA
24,13,NE
20,27,LA
28,23,NE
20,9,NE
60,3,NE
23,6,NE
66,20,NE
34,27,NE
13,17,LA
20,29,LA
33,10,NE
32,24,NE
19,17,NE
44,23,NE
27,14,NE
34,10,NE
17,19,LA
26,16,NE
30,14,NE
13,27,LA
3,22,LA
20,7,NE
37,27,NE
20,19,NE
34,21,NE
34,30,NE
52,26,NE
31,17,NE
27,23,NE
47,27,NE
27,9,NE
14,13,NE
31,40,LA
27,30,LA
19,14,NE
14,29,LA
30,7,NE
38,10,NE
27,7,NE
38,35,NE
10,17,LA
23,9,NE
31,28,NE
30,17,NE
45,21,NE
21,7,NE
20,9,NE
17,13,NE
16,10,NE
51,36,NE
27,20,NE
26,24,NE
34,3,NE
37,26,NE
21,3,NE
45,37,NE
41,24,NE
42,21,NE
34,24,NE
31,21,NE
41,13,NE
27,7,NE
37,3,NE
28,20,NE
22,13,NE
23,24,LA
20,10,NE
17,7,NE
27,40,LA
44,15,NE
34,27,NE
24,34,LA
29,39,LA
30,14,NE
17,28,LA
37,16,NE
30,16,NE
13,17,LA
17,7,NE
26,13,NE
37,10,NE
14,13,NE
27,24,NE
32,3,NE
30,7,NE
28,14,NE
34,3,NE
28,26,NE
43,14,NE
17,37,LA
23,41,LA
41,29,NE
47,34,NE
31,23,NE
35,7,NE
37,27,NE
27,34,LA
34,0,NE
31,17,NE
23,14,NE
27,3,NE
9,17,LA
26,28,LA
31,26,NE
13,6,NE
49,17,NE
12,19,LA
31,24,NE
38,10,NE
43,17,NE
23,34,LA
30,45,LA
17,41,LA
14,13,NE
23,10,NE
33,20,NE
38,10,NE
7,20,LA
13,20,LA
31,17,NE
37,14,NE
20,27,LA
31,30,NE
38,16,NE
35,13,NE
27,30,LA
21,17,NE
23,9,NE
31,17,NE
17,23,LA
30,42,LA
28,17,NE
22,28,LA
37,17,NE
49,10,NE
20,7,NE
45,23,NE
24,17,NE
17,30,LA
27,6,NE
22,6,NE
20,17,NE
27,14,NE
19,9,NE
20,31,LA
44,16,NE
28,40,LA
31,14,NE
41,23,NE
38,13,NE
31,6,NE
44,3,NE
20,28,LA
17,7,NE
21,10,NE
24,35,LA
37,31,NE
26,28,LA
45,9,NE
30,23,NE
36,17,NE
40,27,NE
43,27,NE
21,10,NE
27,10,NE
31,16,NE
22,6,NE
24,10,NE
43,20,NE
7,17,LA
35,28,NE
24,17,NE
13,10,NE
6,3,NE
26,14,NE
34,7,NE
24,34,LA
30,28,NE
30,16,NE
35,24,NE
23,25,LA
17,24,LA
14,21,LA
34,23,NE
27,13,NE
28,35,LA
17,27,LA
37,20,NE
52,10,NE
9,30,LA
7,21,LA
24,16,NE
24,16,NE
45,13,NE
28,30,LA
34,30,NE
34,30,NE
14,17,LA
18,31,LA
31,27,NE
19,9,NE
6,7,LA
23,19,NE
21,17,NE
36,20,NE
23,14,NE
45,30,NE
13,20,LA
41,28,NE
21,6,NE
34,10,NE
59,9,NE
31,12,NE
38,20,NE
25,27,LA
20,40,LA
35,17,NE
24,20,NE
21,10,NE
27,14,NE
48,13,NE
37,31,NE
14,0,NE
21,7,NE
17,3,NE
42,44,LA
31,21,NE
28,9,NE
51,13,NE
33,10,NE
13,16,LA
30,29,NE
34,29,NE
30,10,NE
28,20,NE
14,16,LA
14,10,NE
20,14,NE
27,22,NE
47,16,NE
30,9,NE
26,24,NE
14,26,LA
16,10,NE
35,42,LA
23,31,LA
31,40,LA
17,14,NE
16,19,LA
35,22,NE
7,29,LA
54,10,NE
27,20,NE
34,6,NE
26,9,NE
3,24,LA
23,10,NE
20,38,LA
17,13,NE
27,24,NE
27,23,NE
30,20,NE
28,14,NE
42,24,NE
37,12,NE
42,6,NE
17,23,LA
27,17,NE
35,17,NE
31,21,NE
17,13,NE
24,0,NE
31,3,NE
20,21,LA
20,16,NE
52,7,NE
34,44,LA
16,6,NE
17,6,NE
30,13,NE
27,23,NE
30,21,NE
35,24,NE
27,10,NE
27,13,NE
23,14,NE
35,24,NE
30,20,NE
10,21,LA
32,17,NE
27,23,NE
52,21,NE
27,10,NE
0,29,LA
25,24,NE
49,31,NE
28,6,NE
24,28,LA
38,17,NE
21,17,NE
38,22,NE
41,13,NE
14,35,LA
20,14,NE
43,26,NE
34,28,NE
38,17,NE
38,7,NE
23,17,NE
20,14,NE
23,26,LA
43,13,NE
34,14,NE
27,14,NE
42,16,NE
38,31,NE
20,17,NE
34,13,NE
10,24,LA
33,7,NE
20,14,NE
20,14,NE
35,9,NE
24,13,NE
28,36,LA
35,34,NE
36,26,NE
24,10,NE
61,13,NE
38,39,LA
17,24,LA
30,37,LA
17,24,LA
34,30,NE
27,20,NE
34,30,NE
34,30,NE
30,20,NE
35,7,NE
31,14,NE
35,13,NE
23,13,NE
24,23,NE
45,19,NE
32,27,NE
13,17,LA
24,7,NE
13,28,LA
21,24,LA
17,30,LA
44,26,NE
31,21,NE
17,30,LA
10,7,NE
13,7,NE
33,28,NE
34,27,NE
34,20,NE
44,3,NE
24,31,LA
52,21,NE
24,23,NE
27,17,NE
23,20,NE
16,26,LA
16,43,LA
38,6,NE
30,24,NE
27,10,NE
42,27,NE
30,0,NE
24,23,NE
26,3,NE
13,7,NE
34,10,NE
30,25,NE
20,31,LA
40,7,NE
34,17,NE
54,38,NE
28,16,NE
27,26,NE
34,24,NE
35,13,NE
24,54,LA
24,13,NE
31,20,NE
31,0,NE
34,17,NE
41,14,NE
31,9,NE
14,31,LA
20,26,LA
31,38,LA
27,20,NE
17,7,NE
38,10,NE
48,14,NE
17,22,LA
35,10,NE
10,31,LA
28,17,NE
37,34,NE
22,37,LA
30,26,NE
23,24,LA
26,7,NE
24,13,NE
27,20,NE
23,7,NE
40,31,NE
35,39,LA
13,18,LA
35,24,NE
49,10,NE
26,21,NE
22,7,NE
40,9,NE
24,10,NE
13,7,NE
24,22,NE
30,16,NE
47,39,NE
19,10,NE
37,27,NE
14,26,LA
24,10,NE
24,9,NE
24,20,NE
38,7,NE
21,17,NE
26,6,NE
46,31,NE
31,41,LA
50,13,NE
21,34,LA
13,17,LA
23,17,NE
28,10,NE
17,24,LA
23,17,NE
21,30,LA
21,23,LA
21,10,NE
16,27,LA
10,27,LA
41,6,NE
20,31,LA
31,34,LA
31,13,NE
17,34,LA
24,31,LA
14,16,LA
24,23,NE
